run_label,run_id,condition,spec_name,spec_version,rep,metric,value,unit,duration_s,timestamp
main_001,main_001__agent_education_system__claude_code__rep00,claude_code,agent_education_system,1.0.0,0,hallucinations,0.0,count,61.657,2026-06-01T09:32:42.626072+00:00
main_001,main_001__agent_education_system__claude_code__rep00,claude_code,agent_education_system,1.0.0,0,correction_freq,0.0,per_kkey,61.657,2026-06-01T09:32:42.626072+00:00
main_001,main_001__agent_education_system__claude_code__rep00,claude_code,agent_education_system,1.0.0,0,complexity_mean,2.5,cc,61.657,2026-06-01T09:32:42.626072+00:00
main_001,main_001__agent_education_system__claude_code__rep00,claude_code,agent_education_system,1.0.0,0,duplication_pct,0.0,%,61.657,2026-06-01T09:32:42.626072+00:00
main_001,main_001__agent_education_system__claude_code__rep00,claude_code,agent_education_system,1.0.0,0,security_density,19.8413,per_kloc,61.657,2026-06-01T09:32:42.626072+00:00
main_001,main_001__agent_education_system__claude_code__rep01,claude_code,agent_education_system,1.0.0,1,hallucinations,0.0,count,28.54,2026-06-01T09:32:42.626072+00:00
main_001,main_001__agent_education_system__claude_code__rep01,claude_code,agent_education_system,1.0.0,1,correction_freq,0.0,per_kkey,28.54,2026-06-01T09:32:42.626072+00:00
main_001,main_001__agent_education_system__claude_code__rep01,claude_code,agent_education_system,1.0.0,1,complexity_mean,2.882353,cc,28.54,2026-06-01T09:32:42.626072+00:00
main_001,main_001__agent_education_system__claude_code__rep01,claude_code,agent_education_system,1.0.0,1,duplication_pct,0.0,%,28.54,2026-06-01T09:32:42.626072+00:00
main_001,main_001__agent_education_system__claude_code__rep01,claude_code,agent_education_system,1.0.0,1,security_density,47.0588,per_kloc,28.54,2026-06-01T09:32:42.626072+00:00
main_001,main_001__agent_education_system__claude_code__rep02,claude_code,agent_education_system,1.0.0,2,hallucinations,0.0,count,25.32,2026-06-01T09:32:42.626072+00:00
main_001,main_001__agent_education_system__claude_code__rep02,claude_code,agent_education_system,1.0.0,2,correction_freq,0.0,per_kkey,25.32,2026-06-01T09:32:42.626072+00:00
main_001,main_001__agent_education_system__claude_code__rep02,claude_code,agent_education_system,1.0.0,2,complexity_mean,2.785714,cc,25.32,2026-06-01T09:32:42.626072+00:00
main_001,main_001__agent_education_system__claude_code__rep02,claude_code,agent_education_system,1.0.0,2,duplication_pct,0.0,%,25.32,2026-06-01T09:32:42.626072+00:00
main_001,main_001__agent_education_system__claude_code__rep02,claude_code,agent_education_system,1.0.0,2,security_density,29.8507,per_kloc,25.32,2026-06-01T09:32:42.626072+00:00
main_001,main_001__agent_education_system__claude_code__rep03,claude_code,agent_education_system,1.0.0,3,hallucinations,0.0,count,58.126,2026-06-01T09:32:42.626072+00:00
main_001,main_001__agent_education_system__claude_code__rep03,claude_code,agent_education_system,1.0.0,3,correction_freq,0.0,per_kkey,58.126,2026-06-01T09:32:42.626072+00:00
main_001,main_001__agent_education_system__claude_code__rep03,claude_code,agent_education_system,1.0.0,3,complexity_mean,2.0,cc,58.126,2026-06-01T09:32:42.626072+00:00
main_001,main_001__agent_education_system__claude_code__rep03,claude_code,agent_education_system,1.0.0,3,duplication_pct,0.0,%,58.126,2026-06-01T09:32:42.626072+00:00
main_001,main_001__agent_education_system__claude_code__rep03,claude_code,agent_education_system,1.0.0,3,security_density,31.5789,per_kloc,58.126,2026-06-01T09:32:42.626072+00:00
main_001,main_001__agent_education_system__claude_code__rep04,claude_code,agent_education_system,1.0.0,4,hallucinations,0.0,count,52.657,2026-06-01T09:32:42.626072+00:00
main_001,main_001__agent_education_system__claude_code__rep04,claude_code,agent_education_system,1.0.0,4,correction_freq,0.0,per_kkey,52.657,2026-06-01T09:32:42.626072+00:00
main_001,main_001__agent_education_system__claude_code__rep04,claude_code,agent_education_system,1.0.0,4,complexity_mean,2.764706,cc,52.657,2026-06-01T09:32:42.626072+00:00
main_001,main_001__agent_education_system__claude_code__rep04,claude_code,agent_education_system,1.0.0,4,duplication_pct,0.0,%,52.657,2026-06-01T09:32:42.626072+00:00
main_001,main_001__agent_education_system__claude_code__rep04,claude_code,agent_education_system,1.0.0,4,security_density,17.4419,per_kloc,52.657,2026-06-01T09:32:42.626072+00:00
main_001,main_001__agent_education_system__claude_code__rep05,claude_code,agent_education_system,1.0.0,5,hallucinations,0.0,count,20.411,2026-06-01T09:32:42.626072+00:00
main_001,main_001__agent_education_system__claude_code__rep05,claude_code,agent_education_system,1.0.0,5,correction_freq,0.0,per_kkey,20.411,2026-06-01T09:32:42.626072+00:00
main_001,main_001__agent_education_system__claude_code__rep05,claude_code,agent_education_system,1.0.0,5,complexity_mean,2.9,cc,20.411,2026-06-01T09:32:42.626072+00:00
main_001,main_001__agent_education_system__claude_code__rep05,claude_code,agent_education_system,1.0.0,5,duplication_pct,0.0,%,20.411,2026-06-01T09:32:42.626072+00:00
main_001,main_001__agent_education_system__claude_code__rep05,claude_code,agent_education_system,1.0.0,5,security_density,20.8333,per_kloc,20.411,2026-06-01T09:32:42.626072+00:00
main_001,main_001__agent_education_system__claude_code__rep06,claude_code,agent_education_system,1.0.0,6,hallucinations,0.0,count,27.427,2026-06-01T09:32:42.626072+00:00
main_001,main_001__agent_education_system__claude_code__rep06,claude_code,agent_education_system,1.0.0,6,correction_freq,0.0,per_kkey,27.427,2026-06-01T09:32:42.626072+00:00
main_001,main_001__agent_education_system__claude_code__rep06,claude_code,agent_education_system,1.0.0,6,complexity_mean,2.631579,cc,27.427,2026-06-01T09:32:42.626072+00:00
main_001,main_001__agent_education_system__claude_code__rep06,claude_code,agent_education_system,1.0.0,6,duplication_pct,0.0,%,27.427,2026-06-01T09:32:42.626072+00:00
main_001,main_001__agent_education_system__claude_code__rep06,claude_code,agent_education_system,1.0.0,6,security_density,19.9005,per_kloc,27.427,2026-06-01T09:32:42.626072+00:00
main_001,main_001__agent_education_system__claude_code__rep07,claude_code,agent_education_system,1.0.0,7,hallucinations,0.0,count,24.073,2026-06-01T09:32:42.626072+00:00
main_001,main_001__agent_education_system__claude_code__rep07,claude_code,agent_education_system,1.0.0,7,correction_freq,0.0,per_kkey,24.073,2026-06-01T09:32:42.626072+00:00
main_001,main_001__agent_education_system__claude_code__rep07,claude_code,agent_education_system,1.0.0,7,complexity_mean,2.95,cc,24.073,2026-06-01T09:32:42.626072+00:00
main_001,main_001__agent_education_system__claude_code__rep07,claude_code,agent_education_system,1.0.0,7,duplication_pct,0.0,%,24.073,2026-06-01T09:32:42.626072+00:00
main_001,main_001__agent_education_system__claude_code__rep07,claude_code,agent_education_system,1.0.0,7,security_density,23.8095,per_kloc,24.073,2026-06-01T09:32:42.626072+00:00
main_001,main_001__agent_education_system__claude_code__rep08,claude_code,agent_education_system,1.0.0,8,hallucinations,0.0,count,26.438,2026-06-01T09:32:42.626072+00:00
main_001,main_001__agent_education_system__claude_code__rep08,claude_code,agent_education_system,1.0.0,8,correction_freq,0.0,per_kkey,26.438,2026-06-01T09:32:42.626072+00:00
main_001,main_001__agent_education_system__claude_code__rep08,claude_code,agent_education_system,1.0.0,8,complexity_mean,2.866667,cc,26.438,2026-06-01T09:32:42.626072+00:00
main_001,main_001__agent_education_system__claude_code__rep08,claude_code,agent_education_system,1.0.0,8,duplication_pct,0.0,%,26.438,2026-06-01T09:32:42.626072+00:00
main_001,main_001__agent_education_system__claude_code__rep08,claude_code,agent_education_system,1.0.0,8,security_density,23.2558,per_kloc,26.438,2026-06-01T09:32:42.626072+00:00
main_001,main_001__agent_education_system__claude_code__rep09,claude_code,agent_education_system,1.0.0,9,hallucinations,0.0,count,20.203,2026-06-01T09:32:42.626072+00:00
main_001,main_001__agent_education_system__claude_code__rep09,claude_code,agent_education_system,1.0.0,9,correction_freq,0.0,per_kkey,20.203,2026-06-01T09:32:42.626072+00:00
main_001,main_001__agent_education_system__claude_code__rep09,claude_code,agent_education_system,1.0.0,9,complexity_mean,3.0,cc,20.203,2026-06-01T09:32:42.626072+00:00
main_001,main_001__agent_education_system__claude_code__rep09,claude_code,agent_education_system,1.0.0,9,duplication_pct,0.0,%,20.203,2026-06-01T09:32:42.626072+00:00
main_001,main_001__agent_education_system__claude_code__rep09,claude_code,agent_education_system,1.0.0,9,security_density,18.6916,per_kloc,20.203,2026-06-01T09:32:42.626072+00:00
main_001,main_001__agent_education_system__cursor_agent__rep00,cursor_agent,agent_education_system,1.0.0,0,hallucinations,1.0,count,9.605,2026-06-01T09:32:42.626072+00:00
main_001,main_001__agent_education_system__cursor_agent__rep00,cursor_agent,agent_education_system,1.0.0,0,correction_freq,0.0,per_kkey,9.605,2026-06-01T09:32:42.626072+00:00
main_001,main_001__agent_education_system__cursor_agent__rep00,cursor_agent,agent_education_system,1.0.0,0,complexity_mean,2.137931,cc,9.605,2026-06-01T09:32:42.626072+00:00
main_001,main_001__agent_education_system__cursor_agent__rep00,cursor_agent,agent_education_system,1.0.0,0,duplication_pct,0.0,%,9.605,2026-06-01T09:32:42.626072+00:00
main_001,main_001__agent_education_system__cursor_agent__rep00,cursor_agent,agent_education_system,1.0.0,0,security_density,18.5185,per_kloc,9.605,2026-06-01T09:32:42.626072+00:00
main_001,main_001__agent_education_system__cursor_agent__rep01,cursor_agent,agent_education_system,1.0.0,1,hallucinations,0.0,count,4.29,2026-06-01T09:32:42.626072+00:00
main_001,main_001__agent_education_system__cursor_agent__rep01,cursor_agent,agent_education_system,1.0.0,1,correction_freq,0.0,per_kkey,4.29,2026-06-01T09:32:42.626072+00:00
main_001,main_001__agent_education_system__cursor_agent__rep01,cursor_agent,agent_education_system,1.0.0,1,complexity_mean,0.0,cc,4.29,2026-06-01T09:32:42.626072+00:00
main_001,main_001__agent_education_system__cursor_agent__rep01,cursor_agent,agent_education_system,1.0.0,1,duplication_pct,0.0,%,4.29,2026-06-01T09:32:42.626072+00:00
main_001,main_001__agent_education_system__cursor_agent__rep01,cursor_agent,agent_education_system,1.0.0,1,security_density,0.0,per_kloc,4.29,2026-06-01T09:32:42.626072+00:00
main_001,main_001__agent_education_system__cursor_agent__rep02,cursor_agent,agent_education_system,1.0.0,2,hallucinations,0.0,count,5.583,2026-06-01T09:32:42.626072+00:00
main_001,main_001__agent_education_system__cursor_agent__rep02,cursor_agent,agent_education_system,1.0.0,2,correction_freq,0.0,per_kkey,5.583,2026-06-01T09:32:42.626072+00:00
main_001,main_001__agent_education_system__cursor_agent__rep02,cursor_agent,agent_education_system,1.0.0,2,complexity_mean,3.0,cc,5.583,2026-06-01T09:32:42.626072+00:00
main_001,main_001__agent_education_system__cursor_agent__rep02,cursor_agent,agent_education_system,1.0.0,2,duplication_pct,0.0,%,5.583,2026-06-01T09:32:42.626072+00:00
main_001,main_001__agent_education_system__cursor_agent__rep02,cursor_agent,agent_education_system,1.0.0,2,security_density,18.8679,per_kloc,5.583,2026-06-01T09:32:42.626072+00:00
main_001,main_001__agent_education_system__cursor_agent__rep03,cursor_agent,agent_education_system,1.0.0,3,hallucinations,1.0,count,8.025,2026-06-01T09:32:42.626072+00:00
main_001,main_001__agent_education_system__cursor_agent__rep03,cursor_agent,agent_education_system,1.0.0,3,correction_freq,0.0,per_kkey,8.025,2026-06-01T09:32:42.626072+00:00
main_001,main_001__agent_education_system__cursor_agent__rep03,cursor_agent,agent_education_system,1.0.0,3,complexity_mean,1.893617,cc,8.025,2026-06-01T09:32:42.626072+00:00
main_001,main_001__agent_education_system__cursor_agent__rep03,cursor_agent,agent_education_system,1.0.0,3,duplication_pct,0.0,%,8.025,2026-06-01T09:32:42.626072+00:00
main_001,main_001__agent_education_system__cursor_agent__rep03,cursor_agent,agent_education_system,1.0.0,3,security_density,12.6354,per_kloc,8.025,2026-06-01T09:32:42.626072+00:00
main_001,main_001__agent_education_system__cursor_agent__rep04,cursor_agent,agent_education_system,1.0.0,4,hallucinations,2.0,count,10.656,2026-06-01T09:32:42.626072+00:00
main_001,main_001__agent_education_system__cursor_agent__rep04,cursor_agent,agent_education_system,1.0.0,4,correction_freq,0.0,per_kkey,10.656,2026-06-01T09:32:42.626072+00:00
main_001,main_001__agent_education_system__cursor_agent__rep04,cursor_agent,agent_education_system,1.0.0,4,complexity_mean,2.326531,cc,10.656,2026-06-01T09:32:42.626072+00:00
main_001,main_001__agent_education_system__cursor_agent__rep04,cursor_agent,agent_education_system,1.0.0,4,duplication_pct,5.555556,%,10.656,2026-06-01T09:32:42.626072+00:00
main_001,main_001__agent_education_system__cursor_agent__rep04,cursor_agent,agent_education_system,1.0.0,4,security_density,10.1892,per_kloc,10.656,2026-06-01T09:32:42.626072+00:00
main_001,main_001__agent_education_system__cursor_agent__rep05,cursor_agent,agent_education_system,1.0.0,5,hallucinations,0.0,count,3.901,2026-06-01T09:32:42.626072+00:00
main_001,main_001__agent_education_system__cursor_agent__rep05,cursor_agent,agent_education_system,1.0.0,5,correction_freq,0.0,per_kkey,3.901,2026-06-01T09:32:42.626072+00:00
main_001,main_001__agent_education_system__cursor_agent__rep05,cursor_agent,agent_education_system,1.0.0,5,complexity_mean,0.0,cc,3.901,2026-06-01T09:32:42.626072+00:00
main_001,main_001__agent_education_system__cursor_agent__rep05,cursor_agent,agent_education_system,1.0.0,5,duplication_pct,0.0,%,3.901,2026-06-01T09:32:42.626072+00:00
main_001,main_001__agent_education_system__cursor_agent__rep05,cursor_agent,agent_education_system,1.0.0,5,security_density,0.0,per_kloc,3.901,2026-06-01T09:32:42.626072+00:00
main_001,main_001__agent_education_system__cursor_agent__rep06,cursor_agent,agent_education_system,1.0.0,6,hallucinations,0.0,count,9.356,2026-06-01T09:32:42.626072+00:00
main_001,main_001__agent_education_system__cursor_agent__rep06,cursor_agent,agent_education_system,1.0.0,6,correction_freq,0.0,per_kkey,9.356,2026-06-01T09:32:42.626072+00:00
main_001,main_001__agent_education_system__cursor_agent__rep06,cursor_agent,agent_education_system,1.0.0,6,complexity_mean,2.65,cc,9.356,2026-06-01T09:32:42.626072+00:00
main_001,main_001__agent_education_system__cursor_agent__rep06,cursor_agent,agent_education_system,1.0.0,6,duplication_pct,0.0,%,9.356,2026-06-01T09:32:42.626072+00:00
main_001,main_001__agent_education_system__cursor_agent__rep06,cursor_agent,agent_education_system,1.0.0,6,security_density,16.7364,per_kloc,9.356,2026-06-01T09:32:42.626072+00:00
main_001,main_001__agent_education_system__cursor_agent__rep07,cursor_agent,agent_education_system,1.0.0,7,hallucinations,0.0,count,11.007,2026-06-01T09:32:42.626072+00:00
main_001,main_001__agent_education_system__cursor_agent__rep07,cursor_agent,agent_education_system,1.0.0,7,correction_freq,0.0,per_kkey,11.007,2026-06-01T09:32:42.626072+00:00
main_001,main_001__agent_education_system__cursor_agent__rep07,cursor_agent,agent_education_system,1.0.0,7,complexity_mean,1.947368,cc,11.007,2026-06-01T09:32:42.626072+00:00
main_001,main_001__agent_education_system__cursor_agent__rep07,cursor_agent,agent_education_system,1.0.0,7,duplication_pct,0.0,%,11.007,2026-06-01T09:32:42.626072+00:00
main_001,main_001__agent_education_system__cursor_agent__rep07,cursor_agent,agent_education_system,1.0.0,7,security_density,14.9254,per_kloc,11.007,2026-06-01T09:32:42.626072+00:00
main_001,main_001__agent_education_system__cursor_agent__rep08,cursor_agent,agent_education_system,1.0.0,8,hallucinations,0.0,count,7.25,2026-06-01T09:32:42.626072+00:00
main_001,main_001__agent_education_system__cursor_agent__rep08,cursor_agent,agent_education_system,1.0.0,8,correction_freq,0.0,per_kkey,7.25,2026-06-01T09:32:42.626072+00:00
main_001,main_001__agent_education_system__cursor_agent__rep08,cursor_agent,agent_education_system,1.0.0,8,complexity_mean,2.95,cc,7.25,2026-06-01T09:32:42.626072+00:00
main_001,main_001__agent_education_system__cursor_agent__rep08,cursor_agent,agent_education_system,1.0.0,8,duplication_pct,0.0,%,7.25,2026-06-01T09:32:42.626072+00:00
main_001,main_001__agent_education_system__cursor_agent__rep08,cursor_agent,agent_education_system,1.0.0,8,security_density,21.7391,per_kloc,7.25,2026-06-01T09:32:42.626072+00:00
main_001,main_001__agent_education_system__cursor_agent__rep09,cursor_agent,agent_education_system,1.0.0,9,hallucinations,1.0,count,9.495,2026-06-01T09:32:42.626072+00:00
main_001,main_001__agent_education_system__cursor_agent__rep09,cursor_agent,agent_education_system,1.0.0,9,correction_freq,0.0,per_kkey,9.495,2026-06-01T09:32:42.626072+00:00
main_001,main_001__agent_education_system__cursor_agent__rep09,cursor_agent,agent_education_system,1.0.0,9,complexity_mean,2.208333,cc,9.495,2026-06-01T09:32:42.626072+00:00
main_001,main_001__agent_education_system__cursor_agent__rep09,cursor_agent,agent_education_system,1.0.0,9,duplication_pct,5.432937,%,9.495,2026-06-01T09:32:42.626072+00:00
main_001,main_001__agent_education_system__cursor_agent__rep09,cursor_agent,agent_education_system,1.0.0,9,security_density,8.9021,per_kloc,9.495,2026-06-01T09:32:42.626072+00:00
main_001,main_001__data_pipeline__claude_code__rep00,claude_code,data_pipeline,1.0.0,0,hallucinations,0.0,count,22.474,2026-06-01T09:32:42.626072+00:00
main_001,main_001__data_pipeline__claude_code__rep00,claude_code,data_pipeline,1.0.0,0,correction_freq,0.0,per_kkey,22.474,2026-06-01T09:32:42.626072+00:00
main_001,main_001__data_pipeline__claude_code__rep00,claude_code,data_pipeline,1.0.0,0,complexity_mean,2.428571,cc,22.474,2026-06-01T09:32:42.626072+00:00
main_001,main_001__data_pipeline__claude_code__rep00,claude_code,data_pipeline,1.0.0,0,duplication_pct,0.0,%,22.474,2026-06-01T09:32:42.626072+00:00
main_001,main_001__data_pipeline__claude_code__rep00,claude_code,data_pipeline,1.0.0,0,security_density,0.0,per_kloc,22.474,2026-06-01T09:32:42.626072+00:00
main_001,main_001__data_pipeline__claude_code__rep01,claude_code,data_pipeline,1.0.0,1,hallucinations,0.0,count,60.12,2026-06-01T09:32:42.626072+00:00
main_001,main_001__data_pipeline__claude_code__rep01,claude_code,data_pipeline,1.0.0,1,correction_freq,0.0,per_kkey,60.12,2026-06-01T09:32:42.626072+00:00
main_001,main_001__data_pipeline__claude_code__rep01,claude_code,data_pipeline,1.0.0,1,complexity_mean,3.5,cc,60.12,2026-06-01T09:32:42.626072+00:00
main_001,main_001__data_pipeline__claude_code__rep01,claude_code,data_pipeline,1.0.0,1,duplication_pct,0.0,%,60.12,2026-06-01T09:32:42.626072+00:00
main_001,main_001__data_pipeline__claude_code__rep01,claude_code,data_pipeline,1.0.0,1,security_density,9.1324,per_kloc,60.12,2026-06-01T09:32:42.626072+00:00
main_001,main_001__data_pipeline__claude_code__rep02,claude_code,data_pipeline,1.0.0,2,hallucinations,0.0,count,19.666,2026-06-01T09:32:42.626072+00:00
main_001,main_001__data_pipeline__claude_code__rep02,claude_code,data_pipeline,1.0.0,2,correction_freq,0.0,per_kkey,19.666,2026-06-01T09:32:42.626072+00:00
main_001,main_001__data_pipeline__claude_code__rep02,claude_code,data_pipeline,1.0.0,2,complexity_mean,2.923077,cc,19.666,2026-06-01T09:32:42.626072+00:00
main_001,main_001__data_pipeline__claude_code__rep02,claude_code,data_pipeline,1.0.0,2,duplication_pct,0.0,%,19.666,2026-06-01T09:32:42.626072+00:00
main_001,main_001__data_pipeline__claude_code__rep02,claude_code,data_pipeline,1.0.0,2,security_density,4.5872,per_kloc,19.666,2026-06-01T09:32:42.626072+00:00
main_001,main_001__data_pipeline__claude_code__rep03,claude_code,data_pipeline,1.0.0,3,hallucinations,0.0,count,66.557,2026-06-01T09:32:42.626072+00:00
main_001,main_001__data_pipeline__claude_code__rep03,claude_code,data_pipeline,1.0.0,3,correction_freq,0.0,per_kkey,66.557,2026-06-01T09:32:42.626072+00:00
main_001,main_001__data_pipeline__claude_code__rep03,claude_code,data_pipeline,1.0.0,3,complexity_mean,3.307692,cc,66.557,2026-06-01T09:32:42.626072+00:00
main_001,main_001__data_pipeline__claude_code__rep03,claude_code,data_pipeline,1.0.0,3,duplication_pct,0.0,%,66.557,2026-06-01T09:32:42.626072+00:00
main_001,main_001__data_pipeline__claude_code__rep03,claude_code,data_pipeline,1.0.0,3,security_density,7.9365,per_kloc,66.557,2026-06-01T09:32:42.626072+00:00
main_001,main_001__data_pipeline__claude_code__rep04,claude_code,data_pipeline,1.0.0,4,hallucinations,0.0,count,76.731,2026-06-01T09:32:42.626072+00:00
main_001,main_001__data_pipeline__claude_code__rep04,claude_code,data_pipeline,1.0.0,4,correction_freq,0.0,per_kkey,76.731,2026-06-01T09:32:42.626072+00:00
main_001,main_001__data_pipeline__claude_code__rep04,claude_code,data_pipeline,1.0.0,4,complexity_mean,3.25,cc,76.731,2026-06-01T09:32:42.626072+00:00
main_001,main_001__data_pipeline__claude_code__rep04,claude_code,data_pipeline,1.0.0,4,duplication_pct,0.0,%,76.731,2026-06-01T09:32:42.626072+00:00
main_001,main_001__data_pipeline__claude_code__rep04,claude_code,data_pipeline,1.0.0,4,security_density,6.9444,per_kloc,76.731,2026-06-01T09:32:42.626072+00:00
main_001,main_001__data_pipeline__claude_code__rep05,claude_code,data_pipeline,1.0.0,5,hallucinations,0.0,count,39.644,2026-06-01T09:32:42.626072+00:00
main_001,main_001__data_pipeline__claude_code__rep05,claude_code,data_pipeline,1.0.0,5,correction_freq,0.0,per_kkey,39.644,2026-06-01T09:32:42.626072+00:00
main_001,main_001__data_pipeline__claude_code__rep05,claude_code,data_pipeline,1.0.0,5,complexity_mean,3.0,cc,39.644,2026-06-01T09:32:42.626072+00:00
main_001,main_001__data_pipeline__claude_code__rep05,claude_code,data_pipeline,1.0.0,5,duplication_pct,0.0,%,39.644,2026-06-01T09:32:42.626072+00:00
main_001,main_001__data_pipeline__claude_code__rep05,claude_code,data_pipeline,1.0.0,5,security_density,0.0,per_kloc,39.644,2026-06-01T09:32:42.626072+00:00
main_001,main_001__data_pipeline__claude_code__rep06,claude_code,data_pipeline,1.0.0,6,hallucinations,0.0,count,27.758,2026-06-01T09:32:42.626072+00:00
main_001,main_001__data_pipeline__claude_code__rep06,claude_code,data_pipeline,1.0.0,6,correction_freq,0.0,per_kkey,27.758,2026-06-01T09:32:42.626072+00:00
main_001,main_001__data_pipeline__claude_code__rep06,claude_code,data_pipeline,1.0.0,6,complexity_mean,3.3,cc,27.758,2026-06-01T09:32:42.626072+00:00
main_001,main_001__data_pipeline__claude_code__rep06,claude_code,data_pipeline,1.0.0,6,duplication_pct,0.0,%,27.758,2026-06-01T09:32:42.626072+00:00
main_001,main_001__data_pipeline__claude_code__rep06,claude_code,data_pipeline,1.0.0,6,security_density,0.0,per_kloc,27.758,2026-06-01T09:32:42.626072+00:00
main_001,main_001__data_pipeline__claude_code__rep07,claude_code,data_pipeline,1.0.0,7,hallucinations,0.0,count,72.318,2026-06-01T09:32:42.626072+00:00
main_001,main_001__data_pipeline__claude_code__rep07,claude_code,data_pipeline,1.0.0,7,correction_freq,0.0,per_kkey,72.318,2026-06-01T09:32:42.626072+00:00
main_001,main_001__data_pipeline__claude_code__rep07,claude_code,data_pipeline,1.0.0,7,complexity_mean,3.5,cc,72.318,2026-06-01T09:32:42.626072+00:00
main_001,main_001__data_pipeline__claude_code__rep07,claude_code,data_pipeline,1.0.0,7,duplication_pct,0.0,%,72.318,2026-06-01T09:32:42.626072+00:00
main_001,main_001__data_pipeline__claude_code__rep07,claude_code,data_pipeline,1.0.0,7,security_density,4.2735,per_kloc,72.318,2026-06-01T09:32:42.626072+00:00
main_001,main_001__data_pipeline__claude_code__rep08,claude_code,data_pipeline,1.0.0,8,hallucinations,0.0,count,26.827,2026-06-01T09:32:42.626072+00:00
main_001,main_001__data_pipeline__claude_code__rep08,claude_code,data_pipeline,1.0.0,8,correction_freq,0.0,per_kkey,26.827,2026-06-01T09:32:42.626072+00:00
main_001,main_001__data_pipeline__claude_code__rep08,claude_code,data_pipeline,1.0.0,8,complexity_mean,3.571429,cc,26.827,2026-06-01T09:32:42.626072+00:00
main_001,main_001__data_pipeline__claude_code__rep08,claude_code,data_pipeline,1.0.0,8,duplication_pct,0.0,%,26.827,2026-06-01T09:32:42.626072+00:00
main_001,main_001__data_pipeline__claude_code__rep08,claude_code,data_pipeline,1.0.0,8,security_density,0.0,per_kloc,26.827,2026-06-01T09:32:42.626072+00:00
main_001,main_001__data_pipeline__claude_code__rep09,claude_code,data_pipeline,1.0.0,9,hallucinations,0.0,count,21.406,2026-06-01T09:32:42.626072+00:00
main_001,main_001__data_pipeline__claude_code__rep09,claude_code,data_pipeline,1.0.0,9,correction_freq,0.0,per_kkey,21.406,2026-06-01T09:32:42.626072+00:00
main_001,main_001__data_pipeline__claude_code__rep09,claude_code,data_pipeline,1.0.0,9,complexity_mean,3.583333,cc,21.406,2026-06-01T09:32:42.626072+00:00
main_001,main_001__data_pipeline__claude_code__rep09,claude_code,data_pipeline,1.0.0,9,duplication_pct,0.0,%,21.406,2026-06-01T09:32:42.626072+00:00
main_001,main_001__data_pipeline__claude_code__rep09,claude_code,data_pipeline,1.0.0,9,security_density,4.2553,per_kloc,21.406,2026-06-01T09:32:42.626072+00:00
main_001,main_001__data_pipeline__cursor_agent__rep00,cursor_agent,data_pipeline,1.0.0,0,hallucinations,0.0,count,5.489,2026-06-01T09:32:42.626072+00:00
main_001,main_001__data_pipeline__cursor_agent__rep00,cursor_agent,data_pipeline,1.0.0,0,correction_freq,0.0,per_kkey,5.489,2026-06-01T09:32:42.626072+00:00
main_001,main_001__data_pipeline__cursor_agent__rep00,cursor_agent,data_pipeline,1.0.0,0,complexity_mean,3.138889,cc,5.489,2026-06-01T09:32:42.626072+00:00
main_001,main_001__data_pipeline__cursor_agent__rep00,cursor_agent,data_pipeline,1.0.0,0,duplication_pct,0.0,%,5.489,2026-06-01T09:32:42.626072+00:00
main_001,main_001__data_pipeline__cursor_agent__rep00,cursor_agent,data_pipeline,1.0.0,0,security_density,1.5625,per_kloc,5.489,2026-06-01T09:32:42.626072+00:00
main_001,main_001__data_pipeline__cursor_agent__rep01,cursor_agent,data_pipeline,1.0.0,1,hallucinations,0.0,count,5.031,2026-06-01T09:32:42.626072+00:00
main_001,main_001__data_pipeline__cursor_agent__rep01,cursor_agent,data_pipeline,1.0.0,1,correction_freq,0.0,per_kkey,5.031,2026-06-01T09:32:42.626072+00:00
main_001,main_001__data_pipeline__cursor_agent__rep01,cursor_agent,data_pipeline,1.0.0,1,complexity_mean,3.416667,cc,5.031,2026-06-01T09:32:42.626072+00:00
main_001,main_001__data_pipeline__cursor_agent__rep01,cursor_agent,data_pipeline,1.0.0,1,duplication_pct,0.0,%,5.031,2026-06-01T09:32:42.626072+00:00
main_001,main_001__data_pipeline__cursor_agent__rep01,cursor_agent,data_pipeline,1.0.0,1,security_density,0.0,per_kloc,5.031,2026-06-01T09:32:42.626072+00:00
main_001,main_001__data_pipeline__cursor_agent__rep02,cursor_agent,data_pipeline,1.0.0,2,hallucinations,0.0,count,4.779,2026-06-01T09:32:42.626072+00:00
main_001,main_001__data_pipeline__cursor_agent__rep02,cursor_agent,data_pipeline,1.0.0,2,correction_freq,0.0,per_kkey,4.779,2026-06-01T09:32:42.626072+00:00
main_001,main_001__data_pipeline__cursor_agent__rep02,cursor_agent,data_pipeline,1.0.0,2,complexity_mean,2.75,cc,4.779,2026-06-01T09:32:42.626072+00:00
main_001,main_001__data_pipeline__cursor_agent__rep02,cursor_agent,data_pipeline,1.0.0,2,duplication_pct,2.251407,%,4.779,2026-06-01T09:32:42.626072+00:00
main_001,main_001__data_pipeline__cursor_agent__rep02,cursor_agent,data_pipeline,1.0.0,2,security_density,1.6474,per_kloc,4.779,2026-06-01T09:32:42.626072+00:00
main_001,main_001__data_pipeline__cursor_agent__rep03,cursor_agent,data_pipeline,1.0.0,3,hallucinations,0.0,count,4.738,2026-06-01T09:32:42.626072+00:00
main_001,main_001__data_pipeline__cursor_agent__rep03,cursor_agent,data_pipeline,1.0.0,3,correction_freq,0.0,per_kkey,4.738,2026-06-01T09:32:42.626072+00:00
main_001,main_001__data_pipeline__cursor_agent__rep03,cursor_agent,data_pipeline,1.0.0,3,complexity_mean,3.380952,cc,4.738,2026-06-01T09:32:42.626072+00:00
main_001,main_001__data_pipeline__cursor_agent__rep03,cursor_agent,data_pipeline,1.0.0,3,duplication_pct,0.0,%,4.738,2026-06-01T09:32:42.626072+00:00
main_001,main_001__data_pipeline__cursor_agent__rep03,cursor_agent,data_pipeline,1.0.0,3,security_density,0.0,per_kloc,4.738,2026-06-01T09:32:42.626072+00:00
main_001,main_001__data_pipeline__cursor_agent__rep04,cursor_agent,data_pipeline,1.0.0,4,hallucinations,0.0,count,4.816,2026-06-01T09:32:42.626072+00:00
main_001,main_001__data_pipeline__cursor_agent__rep04,cursor_agent,data_pipeline,1.0.0,4,correction_freq,0.0,per_kkey,4.816,2026-06-01T09:32:42.626072+00:00
main_001,main_001__data_pipeline__cursor_agent__rep04,cursor_agent,data_pipeline,1.0.0,4,complexity_mean,3.8,cc,4.816,2026-06-01T09:32:42.626072+00:00
main_001,main_001__data_pipeline__cursor_agent__rep04,cursor_agent,data_pipeline,1.0.0,4,duplication_pct,0.0,%,4.816,2026-06-01T09:32:42.626072+00:00
main_001,main_001__data_pipeline__cursor_agent__rep04,cursor_agent,data_pipeline,1.0.0,4,security_density,0.0,per_kloc,4.816,2026-06-01T09:32:42.626072+00:00
main_001,main_001__data_pipeline__cursor_agent__rep05,cursor_agent,data_pipeline,1.0.0,5,hallucinations,0.0,count,3.745,2026-06-01T09:32:42.626072+00:00
main_001,main_001__data_pipeline__cursor_agent__rep05,cursor_agent,data_pipeline,1.0.0,5,correction_freq,0.0,per_kkey,3.745,2026-06-01T09:32:42.626072+00:00
main_001,main_001__data_pipeline__cursor_agent__rep05,cursor_agent,data_pipeline,1.0.0,5,complexity_mean,3.583333,cc,3.745,2026-06-01T09:32:42.626072+00:00
main_001,main_001__data_pipeline__cursor_agent__rep05,cursor_agent,data_pipeline,1.0.0,5,duplication_pct,0.0,%,3.745,2026-06-01T09:32:42.626072+00:00
main_001,main_001__data_pipeline__cursor_agent__rep05,cursor_agent,data_pipeline,1.0.0,5,security_density,0.0,per_kloc,3.745,2026-06-01T09:32:42.626072+00:00
main_001,main_001__data_pipeline__cursor_agent__rep06,cursor_agent,data_pipeline,1.0.0,6,hallucinations,0.0,count,4.058,2026-06-01T09:32:42.626072+00:00
main_001,main_001__data_pipeline__cursor_agent__rep06,cursor_agent,data_pipeline,1.0.0,6,correction_freq,0.0,per_kkey,4.058,2026-06-01T09:32:42.626072+00:00
main_001,main_001__data_pipeline__cursor_agent__rep06,cursor_agent,data_pipeline,1.0.0,6,complexity_mean,2.735294,cc,4.058,2026-06-01T09:32:42.626072+00:00
main_001,main_001__data_pipeline__cursor_agent__rep06,cursor_agent,data_pipeline,1.0.0,6,duplication_pct,2.772277,%,4.058,2026-06-01T09:32:42.626072+00:00
main_001,main_001__data_pipeline__cursor_agent__rep06,cursor_agent,data_pipeline,1.0.0,6,security_density,0.0,per_kloc,4.058,2026-06-01T09:32:42.626072+00:00
main_001,main_001__data_pipeline__cursor_agent__rep07,cursor_agent,data_pipeline,1.0.0,7,hallucinations,0.0,count,4.034,2026-06-01T09:32:42.626072+00:00
main_001,main_001__data_pipeline__cursor_agent__rep07,cursor_agent,data_pipeline,1.0.0,7,correction_freq,0.0,per_kkey,4.034,2026-06-01T09:32:42.626072+00:00
main_001,main_001__data_pipeline__cursor_agent__rep07,cursor_agent,data_pipeline,1.0.0,7,complexity_mean,2.823529,cc,4.034,2026-06-01T09:32:42.626072+00:00
main_001,main_001__data_pipeline__cursor_agent__rep07,cursor_agent,data_pipeline,1.0.0,7,duplication_pct,2.265372,%,4.034,2026-06-01T09:32:42.626072+00:00
main_001,main_001__data_pipeline__cursor_agent__rep07,cursor_agent,data_pipeline,1.0.0,7,security_density,0.0,per_kloc,4.034,2026-06-01T09:32:42.626072+00:00
main_001,main_001__data_pipeline__cursor_agent__rep08,cursor_agent,data_pipeline,1.0.0,8,hallucinations,0.0,count,4.287,2026-06-01T09:32:42.626072+00:00
main_001,main_001__data_pipeline__cursor_agent__rep08,cursor_agent,data_pipeline,1.0.0,8,correction_freq,0.0,per_kkey,4.287,2026-06-01T09:32:42.626072+00:00
main_001,main_001__data_pipeline__cursor_agent__rep08,cursor_agent,data_pipeline,1.0.0,8,complexity_mean,2.8,cc,4.287,2026-06-01T09:32:42.626072+00:00
main_001,main_001__data_pipeline__cursor_agent__rep08,cursor_agent,data_pipeline,1.0.0,8,duplication_pct,0.0,%,4.287,2026-06-01T09:32:42.626072+00:00
main_001,main_001__data_pipeline__cursor_agent__rep08,cursor_agent,data_pipeline,1.0.0,8,security_density,0.0,per_kloc,4.287,2026-06-01T09:32:42.626072+00:00
main_001,main_001__data_pipeline__cursor_agent__rep09,cursor_agent,data_pipeline,1.0.0,9,hallucinations,0.0,count,8.364,2026-06-01T09:32:42.626072+00:00
main_001,main_001__data_pipeline__cursor_agent__rep09,cursor_agent,data_pipeline,1.0.0,9,correction_freq,0.0,per_kkey,8.364,2026-06-01T09:32:42.626072+00:00
main_001,main_001__data_pipeline__cursor_agent__rep09,cursor_agent,data_pipeline,1.0.0,9,complexity_mean,2.78125,cc,8.364,2026-06-01T09:32:42.626072+00:00
main_001,main_001__data_pipeline__cursor_agent__rep09,cursor_agent,data_pipeline,1.0.0,9,duplication_pct,2.298851,%,8.364,2026-06-01T09:32:42.626072+00:00
main_001,main_001__data_pipeline__cursor_agent__rep09,cursor_agent,data_pipeline,1.0.0,9,security_density,3.268,per_kloc,8.364,2026-06-01T09:32:42.626072+00:00
main_001,main_001__internal_tool_cli__claude_code__rep00,claude_code,internal_tool_cli,1.0.0,0,hallucinations,0.0,count,30.146,2026-06-01T09:32:42.626072+00:00
main_001,main_001__internal_tool_cli__claude_code__rep00,claude_code,internal_tool_cli,1.0.0,0,correction_freq,0.0,per_kkey,30.146,2026-06-01T09:32:42.626072+00:00
main_001,main_001__internal_tool_cli__claude_code__rep00,claude_code,internal_tool_cli,1.0.0,0,complexity_mean,3.2,cc,30.146,2026-06-01T09:32:42.626072+00:00
main_001,main_001__internal_tool_cli__claude_code__rep00,claude_code,internal_tool_cli,1.0.0,0,duplication_pct,0.0,%,30.146,2026-06-01T09:32:42.626072+00:00
main_001,main_001__internal_tool_cli__claude_code__rep00,claude_code,internal_tool_cli,1.0.0,0,security_density,0.0,per_kloc,30.146,2026-06-01T09:32:42.626072+00:00
main_001,main_001__internal_tool_cli__claude_code__rep01,claude_code,internal_tool_cli,1.0.0,1,hallucinations,0.0,count,26.531,2026-06-01T09:32:42.626072+00:00
main_001,main_001__internal_tool_cli__claude_code__rep01,claude_code,internal_tool_cli,1.0.0,1,correction_freq,0.0,per_kkey,26.531,2026-06-01T09:32:42.626072+00:00
main_001,main_001__internal_tool_cli__claude_code__rep01,claude_code,internal_tool_cli,1.0.0,1,complexity_mean,4.2,cc,26.531,2026-06-01T09:32:42.626072+00:00
main_001,main_001__internal_tool_cli__claude_code__rep01,claude_code,internal_tool_cli,1.0.0,1,duplication_pct,0.0,%,26.531,2026-06-01T09:32:42.626072+00:00
main_001,main_001__internal_tool_cli__claude_code__rep01,claude_code,internal_tool_cli,1.0.0,1,security_density,0.0,per_kloc,26.531,2026-06-01T09:32:42.626072+00:00
main_001,main_001__internal_tool_cli__claude_code__rep02,claude_code,internal_tool_cli,1.0.0,2,hallucinations,0.0,count,21.687,2026-06-01T09:32:42.626072+00:00
main_001,main_001__internal_tool_cli__claude_code__rep02,claude_code,internal_tool_cli,1.0.0,2,correction_freq,0.0,per_kkey,21.687,2026-06-01T09:32:42.626072+00:00
main_001,main_001__internal_tool_cli__claude_code__rep02,claude_code,internal_tool_cli,1.0.0,2,complexity_mean,4.75,cc,21.687,2026-06-01T09:32:42.626072+00:00
main_001,main_001__internal_tool_cli__claude_code__rep02,claude_code,internal_tool_cli,1.0.0,2,duplication_pct,0.0,%,21.687,2026-06-01T09:32:42.626072+00:00
main_001,main_001__internal_tool_cli__claude_code__rep02,claude_code,internal_tool_cli,1.0.0,2,security_density,0.0,per_kloc,21.687,2026-06-01T09:32:42.626072+00:00
main_001,main_001__internal_tool_cli__claude_code__rep03,claude_code,internal_tool_cli,1.0.0,3,hallucinations,0.0,count,21.273,2026-06-01T09:32:42.626072+00:00
main_001,main_001__internal_tool_cli__claude_code__rep03,claude_code,internal_tool_cli,1.0.0,3,correction_freq,0.0,per_kkey,21.273,2026-06-01T09:32:42.626072+00:00
main_001,main_001__internal_tool_cli__claude_code__rep03,claude_code,internal_tool_cli,1.0.0,3,complexity_mean,3.461538,cc,21.273,2026-06-01T09:32:42.626072+00:00
main_001,main_001__internal_tool_cli__claude_code__rep03,claude_code,internal_tool_cli,1.0.0,3,duplication_pct,0.0,%,21.273,2026-06-01T09:32:42.626072+00:00
main_001,main_001__internal_tool_cli__claude_code__rep03,claude_code,internal_tool_cli,1.0.0,3,security_density,0.0,per_kloc,21.273,2026-06-01T09:32:42.626072+00:00
main_001,main_001__internal_tool_cli__claude_code__rep04,claude_code,internal_tool_cli,1.0.0,4,hallucinations,0.0,count,21.641,2026-06-01T09:32:42.626072+00:00
main_001,main_001__internal_tool_cli__claude_code__rep04,claude_code,internal_tool_cli,1.0.0,4,correction_freq,0.0,per_kkey,21.641,2026-06-01T09:32:42.626072+00:00
main_001,main_001__internal_tool_cli__claude_code__rep04,claude_code,internal_tool_cli,1.0.0,4,complexity_mean,3.923077,cc,21.641,2026-06-01T09:32:42.626072+00:00
main_001,main_001__internal_tool_cli__claude_code__rep04,claude_code,internal_tool_cli,1.0.0,4,duplication_pct,0.0,%,21.641,2026-06-01T09:32:42.626072+00:00
main_001,main_001__internal_tool_cli__claude_code__rep04,claude_code,internal_tool_cli,1.0.0,4,security_density,0.0,per_kloc,21.641,2026-06-01T09:32:42.626072+00:00
main_001,main_001__internal_tool_cli__claude_code__rep05,claude_code,internal_tool_cli,1.0.0,5,hallucinations,0.0,count,45.104,2026-06-01T09:32:42.626072+00:00
main_001,main_001__internal_tool_cli__claude_code__rep05,claude_code,internal_tool_cli,1.0.0,5,correction_freq,0.0,per_kkey,45.104,2026-06-01T09:32:42.626072+00:00
main_001,main_001__internal_tool_cli__claude_code__rep05,claude_code,internal_tool_cli,1.0.0,5,complexity_mean,4.071429,cc,45.104,2026-06-01T09:32:42.626072+00:00
main_001,main_001__internal_tool_cli__claude_code__rep05,claude_code,internal_tool_cli,1.0.0,5,duplication_pct,0.0,%,45.104,2026-06-01T09:32:42.626072+00:00
main_001,main_001__internal_tool_cli__claude_code__rep05,claude_code,internal_tool_cli,1.0.0,5,security_density,0.0,per_kloc,45.104,2026-06-01T09:32:42.626072+00:00
main_001,main_001__internal_tool_cli__claude_code__rep06,claude_code,internal_tool_cli,1.0.0,6,hallucinations,0.0,count,19.478,2026-06-01T09:32:42.626072+00:00
main_001,main_001__internal_tool_cli__claude_code__rep06,claude_code,internal_tool_cli,1.0.0,6,correction_freq,0.0,per_kkey,19.478,2026-06-01T09:32:42.626072+00:00
main_001,main_001__internal_tool_cli__claude_code__rep06,claude_code,internal_tool_cli,1.0.0,6,complexity_mean,4.333333,cc,19.478,2026-06-01T09:32:42.626072+00:00
main_001,main_001__internal_tool_cli__claude_code__rep06,claude_code,internal_tool_cli,1.0.0,6,duplication_pct,0.0,%,19.478,2026-06-01T09:32:42.626072+00:00
main_001,main_001__internal_tool_cli__claude_code__rep06,claude_code,internal_tool_cli,1.0.0,6,security_density,0.0,per_kloc,19.478,2026-06-01T09:32:42.626072+00:00
main_001,main_001__internal_tool_cli__claude_code__rep07,claude_code,internal_tool_cli,1.0.0,7,hallucinations,0.0,count,52.975,2026-06-01T09:32:42.626072+00:00
main_001,main_001__internal_tool_cli__claude_code__rep07,claude_code,internal_tool_cli,1.0.0,7,correction_freq,0.0,per_kkey,52.975,2026-06-01T09:32:42.626072+00:00
main_001,main_001__internal_tool_cli__claude_code__rep07,claude_code,internal_tool_cli,1.0.0,7,complexity_mean,4.866667,cc,52.975,2026-06-01T09:32:42.626072+00:00
main_001,main_001__internal_tool_cli__claude_code__rep07,claude_code,internal_tool_cli,1.0.0,7,duplication_pct,0.0,%,52.975,2026-06-01T09:32:42.626072+00:00
main_001,main_001__internal_tool_cli__claude_code__rep07,claude_code,internal_tool_cli,1.0.0,7,security_density,0.0,per_kloc,52.975,2026-06-01T09:32:42.626072+00:00
main_001,main_001__internal_tool_cli__claude_code__rep08,claude_code,internal_tool_cli,1.0.0,8,hallucinations,0.0,count,48.24,2026-06-01T09:32:42.626072+00:00
main_001,main_001__internal_tool_cli__claude_code__rep08,claude_code,internal_tool_cli,1.0.0,8,correction_freq,0.0,per_kkey,48.24,2026-06-01T09:32:42.626072+00:00
main_001,main_001__internal_tool_cli__claude_code__rep08,claude_code,internal_tool_cli,1.0.0,8,complexity_mean,4.533333,cc,48.24,2026-06-01T09:32:42.626072+00:00
main_001,main_001__internal_tool_cli__claude_code__rep08,claude_code,internal_tool_cli,1.0.0,8,duplication_pct,0.0,%,48.24,2026-06-01T09:32:42.626072+00:00
main_001,main_001__internal_tool_cli__claude_code__rep08,claude_code,internal_tool_cli,1.0.0,8,security_density,0.0,per_kloc,48.24,2026-06-01T09:32:42.626072+00:00
main_001,main_001__internal_tool_cli__claude_code__rep09,claude_code,internal_tool_cli,1.0.0,9,hallucinations,0.0,count,43.982,2026-06-01T09:32:42.626072+00:00
main_001,main_001__internal_tool_cli__claude_code__rep09,claude_code,internal_tool_cli,1.0.0,9,correction_freq,0.0,per_kkey,43.982,2026-06-01T09:32:42.626072+00:00
main_001,main_001__internal_tool_cli__claude_code__rep09,claude_code,internal_tool_cli,1.0.0,9,complexity_mean,3.647059,cc,43.982,2026-06-01T09:32:42.626072+00:00
main_001,main_001__internal_tool_cli__claude_code__rep09,claude_code,internal_tool_cli,1.0.0,9,duplication_pct,0.0,%,43.982,2026-06-01T09:32:42.626072+00:00
main_001,main_001__internal_tool_cli__claude_code__rep09,claude_code,internal_tool_cli,1.0.0,9,security_density,0.0,per_kloc,43.982,2026-06-01T09:32:42.626072+00:00
main_001,main_001__internal_tool_cli__cursor_agent__rep00,cursor_agent,internal_tool_cli,1.0.0,0,hallucinations,0.0,count,3.961,2026-06-01T09:32:42.626072+00:00
main_001,main_001__internal_tool_cli__cursor_agent__rep00,cursor_agent,internal_tool_cli,1.0.0,0,correction_freq,0.0,per_kkey,3.961,2026-06-01T09:32:42.626072+00:00
main_001,main_001__internal_tool_cli__cursor_agent__rep00,cursor_agent,internal_tool_cli,1.0.0,0,complexity_mean,2.777778,cc,3.961,2026-06-01T09:32:42.626072+00:00
main_001,main_001__internal_tool_cli__cursor_agent__rep00,cursor_agent,internal_tool_cli,1.0.0,0,duplication_pct,3.269755,%,3.961,2026-06-01T09:32:42.626072+00:00
main_001,main_001__internal_tool_cli__cursor_agent__rep00,cursor_agent,internal_tool_cli,1.0.0,0,security_density,4.8544,per_kloc,3.961,2026-06-01T09:32:42.626072+00:00
main_001,main_001__internal_tool_cli__cursor_agent__rep01,cursor_agent,internal_tool_cli,1.0.0,1,hallucinations,0.0,count,8.802,2026-06-01T09:32:42.626072+00:00
main_001,main_001__internal_tool_cli__cursor_agent__rep01,cursor_agent,internal_tool_cli,1.0.0,1,correction_freq,0.0,per_kkey,8.802,2026-06-01T09:32:42.626072+00:00
main_001,main_001__internal_tool_cli__cursor_agent__rep01,cursor_agent,internal_tool_cli,1.0.0,1,complexity_mean,2.428571,cc,8.802,2026-06-01T09:32:42.626072+00:00
main_001,main_001__internal_tool_cli__cursor_agent__rep01,cursor_agent,internal_tool_cli,1.0.0,1,duplication_pct,0.0,%,8.802,2026-06-01T09:32:42.626072+00:00
main_001,main_001__internal_tool_cli__cursor_agent__rep01,cursor_agent,internal_tool_cli,1.0.0,1,security_density,0.0,per_kloc,8.802,2026-06-01T09:32:42.626072+00:00
main_001,main_001__internal_tool_cli__cursor_agent__rep02,cursor_agent,internal_tool_cli,1.0.0,2,hallucinations,0.0,count,8.029,2026-06-01T09:32:42.626072+00:00
main_001,main_001__internal_tool_cli__cursor_agent__rep02,cursor_agent,internal_tool_cli,1.0.0,2,correction_freq,0.0,per_kkey,8.029,2026-06-01T09:32:42.626072+00:00
main_001,main_001__internal_tool_cli__cursor_agent__rep02,cursor_agent,internal_tool_cli,1.0.0,2,complexity_mean,2.777778,cc,8.029,2026-06-01T09:32:42.626072+00:00
main_001,main_001__internal_tool_cli__cursor_agent__rep02,cursor_agent,internal_tool_cli,1.0.0,2,duplication_pct,3.269755,%,8.029,2026-06-01T09:32:42.626072+00:00
main_001,main_001__internal_tool_cli__cursor_agent__rep02,cursor_agent,internal_tool_cli,1.0.0,2,security_density,4.8544,per_kloc,8.029,2026-06-01T09:32:42.626072+00:00
main_001,main_001__internal_tool_cli__cursor_agent__rep03,cursor_agent,internal_tool_cli,1.0.0,3,hallucinations,0.0,count,69.987,2026-06-01T09:32:42.626072+00:00
main_001,main_001__internal_tool_cli__cursor_agent__rep03,cursor_agent,internal_tool_cli,1.0.0,3,correction_freq,0.0,per_kkey,69.987,2026-06-01T09:32:42.626072+00:00
main_001,main_001__internal_tool_cli__cursor_agent__rep03,cursor_agent,internal_tool_cli,1.0.0,3,complexity_mean,3.28,cc,69.987,2026-06-01T09:32:42.626072+00:00
main_001,main_001__internal_tool_cli__cursor_agent__rep03,cursor_agent,internal_tool_cli,1.0.0,3,duplication_pct,0.0,%,69.987,2026-06-01T09:32:42.626072+00:00
main_001,main_001__internal_tool_cli__cursor_agent__rep03,cursor_agent,internal_tool_cli,1.0.0,3,security_density,0.0,per_kloc,69.987,2026-06-01T09:32:42.626072+00:00
main_001,main_001__internal_tool_cli__cursor_agent__rep04,cursor_agent,internal_tool_cli,1.0.0,4,hallucinations,0.0,count,51.077,2026-06-01T09:32:42.626072+00:00
main_001,main_001__internal_tool_cli__cursor_agent__rep04,cursor_agent,internal_tool_cli,1.0.0,4,correction_freq,0.0,per_kkey,51.077,2026-06-01T09:32:42.626072+00:00
main_001,main_001__internal_tool_cli__cursor_agent__rep04,cursor_agent,internal_tool_cli,1.0.0,4,complexity_mean,3.28,cc,51.077,2026-06-01T09:32:42.626072+00:00
main_001,main_001__internal_tool_cli__cursor_agent__rep04,cursor_agent,internal_tool_cli,1.0.0,4,duplication_pct,0.0,%,51.077,2026-06-01T09:32:42.626072+00:00
main_001,main_001__internal_tool_cli__cursor_agent__rep04,cursor_agent,internal_tool_cli,1.0.0,4,security_density,0.0,per_kloc,51.077,2026-06-01T09:32:42.626072+00:00
main_001,main_001__internal_tool_cli__cursor_agent__rep05,cursor_agent,internal_tool_cli,1.0.0,5,hallucinations,0.0,count,5.522,2026-06-01T09:32:42.626072+00:00
main_001,main_001__internal_tool_cli__cursor_agent__rep05,cursor_agent,internal_tool_cli,1.0.0,5,correction_freq,0.0,per_kkey,5.522,2026-06-01T09:32:42.626072+00:00
main_001,main_001__internal_tool_cli__cursor_agent__rep05,cursor_agent,internal_tool_cli,1.0.0,5,complexity_mean,3.28,cc,5.522,2026-06-01T09:32:42.626072+00:00
main_001,main_001__internal_tool_cli__cursor_agent__rep05,cursor_agent,internal_tool_cli,1.0.0,5,duplication_pct,0.0,%,5.522,2026-06-01T09:32:42.626072+00:00
main_001,main_001__internal_tool_cli__cursor_agent__rep05,cursor_agent,internal_tool_cli,1.0.0,5,security_density,0.0,per_kloc,5.522,2026-06-01T09:32:42.626072+00:00
main_001,main_001__internal_tool_cli__cursor_agent__rep06,cursor_agent,internal_tool_cli,1.0.0,6,hallucinations,0.0,count,4.815,2026-06-01T09:32:42.626072+00:00
main_001,main_001__internal_tool_cli__cursor_agent__rep06,cursor_agent,internal_tool_cli,1.0.0,6,correction_freq,0.0,per_kkey,4.815,2026-06-01T09:32:42.626072+00:00
main_001,main_001__internal_tool_cli__cursor_agent__rep06,cursor_agent,internal_tool_cli,1.0.0,6,complexity_mean,4.352941,cc,4.815,2026-06-01T09:32:42.626072+00:00
main_001,main_001__internal_tool_cli__cursor_agent__rep06,cursor_agent,internal_tool_cli,1.0.0,6,duplication_pct,0.0,%,4.815,2026-06-01T09:32:42.626072+00:00
main_001,main_001__internal_tool_cli__cursor_agent__rep06,cursor_agent,internal_tool_cli,1.0.0,6,security_density,19.6629,per_kloc,4.815,2026-06-01T09:32:42.626072+00:00
main_001,main_001__internal_tool_cli__cursor_agent__rep07,cursor_agent,internal_tool_cli,1.0.0,7,hallucinations,0.0,count,81.927,2026-06-01T09:32:42.626072+00:00
main_001,main_001__internal_tool_cli__cursor_agent__rep07,cursor_agent,internal_tool_cli,1.0.0,7,correction_freq,0.0,per_kkey,81.927,2026-06-01T09:32:42.626072+00:00
main_001,main_001__internal_tool_cli__cursor_agent__rep07,cursor_agent,internal_tool_cli,1.0.0,7,complexity_mean,2.416667,cc,81.927,2026-06-01T09:32:42.626072+00:00
main_001,main_001__internal_tool_cli__cursor_agent__rep07,cursor_agent,internal_tool_cli,1.0.0,7,duplication_pct,0.0,%,81.927,2026-06-01T09:32:42.626072+00:00
main_001,main_001__internal_tool_cli__cursor_agent__rep07,cursor_agent,internal_tool_cli,1.0.0,7,security_density,0.0,per_kloc,81.927,2026-06-01T09:32:42.626072+00:00
main_001,main_001__internal_tool_cli__cursor_agent__rep08,cursor_agent,internal_tool_cli,1.0.0,8,hallucinations,0.0,count,5.526,2026-06-01T09:32:42.626072+00:00
main_001,main_001__internal_tool_cli__cursor_agent__rep08,cursor_agent,internal_tool_cli,1.0.0,8,correction_freq,0.0,per_kkey,5.526,2026-06-01T09:32:42.626072+00:00
main_001,main_001__internal_tool_cli__cursor_agent__rep08,cursor_agent,internal_tool_cli,1.0.0,8,complexity_mean,4.352941,cc,5.526,2026-06-01T09:32:42.626072+00:00
main_001,main_001__internal_tool_cli__cursor_agent__rep08,cursor_agent,internal_tool_cli,1.0.0,8,duplication_pct,0.0,%,5.526,2026-06-01T09:32:42.626072+00:00
main_001,main_001__internal_tool_cli__cursor_agent__rep08,cursor_agent,internal_tool_cli,1.0.0,8,security_density,19.6629,per_kloc,5.526,2026-06-01T09:32:42.626072+00:00
main_001,main_001__internal_tool_cli__cursor_agent__rep09,cursor_agent,internal_tool_cli,1.0.0,9,hallucinations,0.0,count,5.357,2026-06-01T09:32:42.626072+00:00
main_001,main_001__internal_tool_cli__cursor_agent__rep09,cursor_agent,internal_tool_cli,1.0.0,9,correction_freq,0.0,per_kkey,5.357,2026-06-01T09:32:42.626072+00:00
main_001,main_001__internal_tool_cli__cursor_agent__rep09,cursor_agent,internal_tool_cli,1.0.0,9,complexity_mean,2.416667,cc,5.357,2026-06-01T09:32:42.626072+00:00
main_001,main_001__internal_tool_cli__cursor_agent__rep09,cursor_agent,internal_tool_cli,1.0.0,9,duplication_pct,0.0,%,5.357,2026-06-01T09:32:42.626072+00:00
main_001,main_001__internal_tool_cli__cursor_agent__rep09,cursor_agent,internal_tool_cli,1.0.0,9,security_density,0.0,per_kloc,5.357,2026-06-01T09:32:42.626072+00:00
main_001,main_001__agent_education_system__replit_agent__rep00,replit_agent,agent_education_system,1.0.0,0,hallucinations,1.0,count,,2026-06-01T09:32:42.626072+00:00
main_001,main_001__agent_education_system__replit_agent__rep00,replit_agent,agent_education_system,1.0.0,0,correction_freq,0.0,per_kkey,,2026-06-01T09:32:42.626072+00:00
main_001,main_001__agent_education_system__replit_agent__rep00,replit_agent,agent_education_system,1.0.0,0,complexity_mean,0.0,cc,,2026-06-01T09:32:42.626072+00:00
main_001,main_001__agent_education_system__replit_agent__rep00,replit_agent,agent_education_system,1.0.0,0,duplication_pct,11.585916,%,,2026-06-01T09:32:42.626072+00:00
main_001,main_001__agent_education_system__replit_agent__rep00,replit_agent,agent_education_system,1.0.0,0,security_density,0.0,per_kloc,,2026-06-01T09:32:42.626072+00:00
main_001,main_001__agent_education_system__replit_agent__rep01,replit_agent,agent_education_system,1.0.0,1,hallucinations,1.0,count,,2026-06-01T09:32:42.626072+00:00
main_001,main_001__agent_education_system__replit_agent__rep01,replit_agent,agent_education_system,1.0.0,1,correction_freq,0.0,per_kkey,,2026-06-01T09:32:42.626072+00:00
main_001,main_001__agent_education_system__replit_agent__rep01,replit_agent,agent_education_system,1.0.0,1,complexity_mean,0.0,cc,,2026-06-01T09:32:42.626072+00:00
main_001,main_001__agent_education_system__replit_agent__rep01,replit_agent,agent_education_system,1.0.0,1,duplication_pct,11.585916,%,,2026-06-01T09:32:42.626072+00:00
main_001,main_001__agent_education_system__replit_agent__rep01,replit_agent,agent_education_system,1.0.0,1,security_density,0.0,per_kloc,,2026-06-01T09:32:42.626072+00:00
main_001,main_001__agent_education_system__replit_agent__rep02,replit_agent,agent_education_system,1.0.0,2,hallucinations,1.0,count,,2026-06-01T09:32:42.626072+00:00
main_001,main_001__agent_education_system__replit_agent__rep02,replit_agent,agent_education_system,1.0.0,2,correction_freq,0.0,per_kkey,,2026-06-01T09:32:42.626072+00:00
main_001,main_001__agent_education_system__replit_agent__rep02,replit_agent,agent_education_system,1.0.0,2,complexity_mean,0.0,cc,,2026-06-01T09:32:42.626072+00:00
main_001,main_001__agent_education_system__replit_agent__rep02,replit_agent,agent_education_system,1.0.0,2,duplication_pct,11.585916,%,,2026-06-01T09:32:42.626072+00:00
main_001,main_001__agent_education_system__replit_agent__rep02,replit_agent,agent_education_system,1.0.0,2,security_density,0.0,per_kloc,,2026-06-01T09:32:42.626072+00:00
main_001,main_001__agent_education_system__replit_agent__rep03,replit_agent,agent_education_system,1.0.0,3,hallucinations,1.0,count,,2026-06-01T09:32:42.626072+00:00
main_001,main_001__agent_education_system__replit_agent__rep03,replit_agent,agent_education_system,1.0.0,3,correction_freq,0.0,per_kkey,,2026-06-01T09:32:42.626072+00:00
main_001,main_001__agent_education_system__replit_agent__rep03,replit_agent,agent_education_system,1.0.0,3,complexity_mean,0.0,cc,,2026-06-01T09:32:42.626072+00:00
main_001,main_001__agent_education_system__replit_agent__rep03,replit_agent,agent_education_system,1.0.0,3,duplication_pct,11.585916,%,,2026-06-01T09:32:42.626072+00:00
main_001,main_001__agent_education_system__replit_agent__rep03,replit_agent,agent_education_system,1.0.0,3,security_density,0.0,per_kloc,,2026-06-01T09:32:42.626072+00:00
main_001,main_001__agent_education_system__replit_agent__rep04,replit_agent,agent_education_system,1.0.0,4,hallucinations,1.0,count,,2026-06-01T09:32:42.626072+00:00
main_001,main_001__agent_education_system__replit_agent__rep04,replit_agent,agent_education_system,1.0.0,4,correction_freq,0.0,per_kkey,,2026-06-01T09:32:42.626072+00:00
main_001,main_001__agent_education_system__replit_agent__rep04,replit_agent,agent_education_system,1.0.0,4,complexity_mean,0.0,cc,,2026-06-01T09:32:42.626072+00:00
main_001,main_001__agent_education_system__replit_agent__rep04,replit_agent,agent_education_system,1.0.0,4,duplication_pct,11.585916,%,,2026-06-01T09:32:42.626072+00:00
main_001,main_001__agent_education_system__replit_agent__rep04,replit_agent,agent_education_system,1.0.0,4,security_density,0.0,per_kloc,,2026-06-01T09:32:42.626072+00:00
main_001,main_001__agent_education_system__replit_agent__rep05,replit_agent,agent_education_system,1.0.0,5,hallucinations,1.0,count,,2026-06-01T09:32:42.626072+00:00
main_001,main_001__agent_education_system__replit_agent__rep05,replit_agent,agent_education_system,1.0.0,5,correction_freq,0.0,per_kkey,,2026-06-01T09:32:42.626072+00:00
main_001,main_001__agent_education_system__replit_agent__rep05,replit_agent,agent_education_system,1.0.0,5,complexity_mean,0.0,cc,,2026-06-01T09:32:42.626072+00:00
main_001,main_001__agent_education_system__replit_agent__rep05,replit_agent,agent_education_system,1.0.0,5,duplication_pct,11.585916,%,,2026-06-01T09:32:42.626072+00:00
main_001,main_001__agent_education_system__replit_agent__rep05,replit_agent,agent_education_system,1.0.0,5,security_density,0.0,per_kloc,,2026-06-01T09:32:42.626072+00:00
main_001,main_001__agent_education_system__replit_agent__rep06,replit_agent,agent_education_system,1.0.0,6,hallucinations,1.0,count,,2026-06-01T09:32:42.626072+00:00
main_001,main_001__agent_education_system__replit_agent__rep06,replit_agent,agent_education_system,1.0.0,6,correction_freq,0.0,per_kkey,,2026-06-01T09:32:42.626072+00:00
main_001,main_001__agent_education_system__replit_agent__rep06,replit_agent,agent_education_system,1.0.0,6,complexity_mean,0.0,cc,,2026-06-01T09:32:42.626072+00:00
main_001,main_001__agent_education_system__replit_agent__rep06,replit_agent,agent_education_system,1.0.0,6,duplication_pct,11.585916,%,,2026-06-01T09:32:42.626072+00:00
main_001,main_001__agent_education_system__replit_agent__rep06,replit_agent,agent_education_system,1.0.0,6,security_density,0.0,per_kloc,,2026-06-01T09:32:42.626072+00:00
main_001,main_001__agent_education_system__replit_agent__rep07,replit_agent,agent_education_system,1.0.0,7,hallucinations,1.0,count,,2026-06-01T09:32:42.626072+00:00
main_001,main_001__agent_education_system__replit_agent__rep07,replit_agent,agent_education_system,1.0.0,7,correction_freq,0.0,per_kkey,,2026-06-01T09:32:42.626072+00:00
main_001,main_001__agent_education_system__replit_agent__rep07,replit_agent,agent_education_system,1.0.0,7,complexity_mean,0.0,cc,,2026-06-01T09:32:42.626072+00:00
main_001,main_001__agent_education_system__replit_agent__rep07,replit_agent,agent_education_system,1.0.0,7,duplication_pct,11.585916,%,,2026-06-01T09:32:42.626072+00:00
main_001,main_001__agent_education_system__replit_agent__rep07,replit_agent,agent_education_system,1.0.0,7,security_density,0.0,per_kloc,,2026-06-01T09:32:42.626072+00:00
main_001,main_001__agent_education_system__replit_agent__rep08,replit_agent,agent_education_system,1.0.0,8,hallucinations,1.0,count,,2026-06-01T09:32:42.626072+00:00
main_001,main_001__agent_education_system__replit_agent__rep08,replit_agent,agent_education_system,1.0.0,8,correction_freq,0.0,per_kkey,,2026-06-01T09:32:42.626072+00:00
main_001,main_001__agent_education_system__replit_agent__rep08,replit_agent,agent_education_system,1.0.0,8,complexity_mean,0.0,cc,,2026-06-01T09:32:42.626072+00:00
main_001,main_001__agent_education_system__replit_agent__rep08,replit_agent,agent_education_system,1.0.0,8,duplication_pct,11.585916,%,,2026-06-01T09:32:42.626072+00:00
main_001,main_001__agent_education_system__replit_agent__rep08,replit_agent,agent_education_system,1.0.0,8,security_density,0.0,per_kloc,,2026-06-01T09:32:42.626072+00:00
main_001,main_001__agent_education_system__replit_agent__rep09,replit_agent,agent_education_system,1.0.0,9,hallucinations,1.0,count,,2026-06-01T09:32:42.626072+00:00
main_001,main_001__agent_education_system__replit_agent__rep09,replit_agent,agent_education_system,1.0.0,9,correction_freq,0.0,per_kkey,,2026-06-01T09:32:42.626072+00:00
main_001,main_001__agent_education_system__replit_agent__rep09,replit_agent,agent_education_system,1.0.0,9,complexity_mean,0.0,cc,,2026-06-01T09:32:42.626072+00:00
main_001,main_001__agent_education_system__replit_agent__rep09,replit_agent,agent_education_system,1.0.0,9,duplication_pct,11.585916,%,,2026-06-01T09:32:42.626072+00:00
main_001,main_001__agent_education_system__replit_agent__rep09,replit_agent,agent_education_system,1.0.0,9,security_density,0.0,per_kloc,,2026-06-01T09:32:42.626072+00:00
main_001,main_001__agent_education_system__antigravity__rep00,antigravity,agent_education_system,1.0.0,0,hallucinations,1.0,count,,2026-06-01T09:32:42.626072+00:00
main_001,main_001__agent_education_system__antigravity__rep00,antigravity,agent_education_system,1.0.0,0,correction_freq,0.0,per_kkey,,2026-06-01T09:32:42.626072+00:00
main_001,main_001__agent_education_system__antigravity__rep00,antigravity,agent_education_system,1.0.0,0,complexity_mean,1.588235,cc,,2026-06-01T09:32:42.626072+00:00
main_001,main_001__agent_education_system__antigravity__rep00,antigravity,agent_education_system,1.0.0,0,duplication_pct,1.677852,%,,2026-06-01T09:32:42.626072+00:00
main_001,main_001__agent_education_system__antigravity__rep00,antigravity,agent_education_system,1.0.0,0,security_density,4.4248,per_kloc,,2026-06-01T09:32:42.626072+00:00
main_001,main_001__agent_education_system__antigravity__rep01,antigravity,agent_education_system,1.0.0,1,hallucinations,1.0,count,,2026-06-01T09:32:42.626072+00:00
main_001,main_001__agent_education_system__antigravity__rep01,antigravity,agent_education_system,1.0.0,1,correction_freq,0.0,per_kkey,,2026-06-01T09:32:42.626072+00:00
main_001,main_001__agent_education_system__antigravity__rep01,antigravity,agent_education_system,1.0.0,1,complexity_mean,1.588235,cc,,2026-06-01T09:32:42.626072+00:00
main_001,main_001__agent_education_system__antigravity__rep01,antigravity,agent_education_system,1.0.0,1,duplication_pct,1.677852,%,,2026-06-01T09:32:42.626072+00:00
main_001,main_001__agent_education_system__antigravity__rep01,antigravity,agent_education_system,1.0.0,1,security_density,4.4248,per_kloc,,2026-06-01T09:32:42.626072+00:00
main_001,main_001__agent_education_system__antigravity__rep02,antigravity,agent_education_system,1.0.0,2,hallucinations,1.0,count,,2026-06-01T09:32:42.626072+00:00
main_001,main_001__agent_education_system__antigravity__rep02,antigravity,agent_education_system,1.0.0,2,correction_freq,0.0,per_kkey,,2026-06-01T09:32:42.626072+00:00
main_001,main_001__agent_education_system__antigravity__rep02,antigravity,agent_education_system,1.0.0,2,complexity_mean,1.588235,cc,,2026-06-01T09:32:42.626072+00:00
main_001,main_001__agent_education_system__antigravity__rep02,antigravity,agent_education_system,1.0.0,2,duplication_pct,1.677852,%,,2026-06-01T09:32:42.626072+00:00
main_001,main_001__agent_education_system__antigravity__rep02,antigravity,agent_education_system,1.0.0,2,security_density,4.4248,per_kloc,,2026-06-01T09:32:42.626072+00:00
main_001,main_001__agent_education_system__antigravity__rep03,antigravity,agent_education_system,1.0.0,3,hallucinations,1.0,count,,2026-06-01T09:32:42.626072+00:00
main_001,main_001__agent_education_system__antigravity__rep03,antigravity,agent_education_system,1.0.0,3,correction_freq,0.0,per_kkey,,2026-06-01T09:32:42.626072+00:00
main_001,main_001__agent_education_system__antigravity__rep03,antigravity,agent_education_system,1.0.0,3,complexity_mean,1.588235,cc,,2026-06-01T09:32:42.626072+00:00
main_001,main_001__agent_education_system__antigravity__rep03,antigravity,agent_education_system,1.0.0,3,duplication_pct,1.677852,%,,2026-06-01T09:32:42.626072+00:00
main_001,main_001__agent_education_system__antigravity__rep03,antigravity,agent_education_system,1.0.0,3,security_density,4.4248,per_kloc,,2026-06-01T09:32:42.626072+00:00
main_001,main_001__agent_education_system__antigravity__rep04,antigravity,agent_education_system,1.0.0,4,hallucinations,1.0,count,,2026-06-01T09:32:42.626072+00:00
main_001,main_001__agent_education_system__antigravity__rep04,antigravity,agent_education_system,1.0.0,4,correction_freq,0.0,per_kkey,,2026-06-01T09:32:42.626072+00:00
main_001,main_001__agent_education_system__antigravity__rep04,antigravity,agent_education_system,1.0.0,4,complexity_mean,1.588235,cc,,2026-06-01T09:32:42.626072+00:00
main_001,main_001__agent_education_system__antigravity__rep04,antigravity,agent_education_system,1.0.0,4,duplication_pct,1.677852,%,,2026-06-01T09:32:42.626072+00:00
main_001,main_001__agent_education_system__antigravity__rep04,antigravity,agent_education_system,1.0.0,4,security_density,4.4248,per_kloc,,2026-06-01T09:32:42.626072+00:00
main_001,main_001__agent_education_system__antigravity__rep05,antigravity,agent_education_system,1.0.0,5,hallucinations,1.0,count,,2026-06-01T09:32:42.626072+00:00
main_001,main_001__agent_education_system__antigravity__rep05,antigravity,agent_education_system,1.0.0,5,correction_freq,0.0,per_kkey,,2026-06-01T09:32:42.626072+00:00
main_001,main_001__agent_education_system__antigravity__rep05,antigravity,agent_education_system,1.0.0,5,complexity_mean,1.588235,cc,,2026-06-01T09:32:42.626072+00:00
main_001,main_001__agent_education_system__antigravity__rep05,antigravity,agent_education_system,1.0.0,5,duplication_pct,1.677852,%,,2026-06-01T09:32:42.626072+00:00
main_001,main_001__agent_education_system__antigravity__rep05,antigravity,agent_education_system,1.0.0,5,security_density,4.4248,per_kloc,,2026-06-01T09:32:42.626072+00:00
main_001,main_001__agent_education_system__antigravity__rep06,antigravity,agent_education_system,1.0.0,6,hallucinations,1.0,count,,2026-06-01T09:32:42.626072+00:00
main_001,main_001__agent_education_system__antigravity__rep06,antigravity,agent_education_system,1.0.0,6,correction_freq,0.0,per_kkey,,2026-06-01T09:32:42.626072+00:00
main_001,main_001__agent_education_system__antigravity__rep06,antigravity,agent_education_system,1.0.0,6,complexity_mean,1.588235,cc,,2026-06-01T09:32:42.626072+00:00
main_001,main_001__agent_education_system__antigravity__rep06,antigravity,agent_education_system,1.0.0,6,duplication_pct,1.677852,%,,2026-06-01T09:32:42.626072+00:00
main_001,main_001__agent_education_system__antigravity__rep06,antigravity,agent_education_system,1.0.0,6,security_density,4.4248,per_kloc,,2026-06-01T09:32:42.626072+00:00
main_001,main_001__agent_education_system__antigravity__rep07,antigravity,agent_education_system,1.0.0,7,hallucinations,1.0,count,,2026-06-01T09:32:42.626072+00:00
main_001,main_001__agent_education_system__antigravity__rep07,antigravity,agent_education_system,1.0.0,7,correction_freq,0.0,per_kkey,,2026-06-01T09:32:42.626072+00:00
main_001,main_001__agent_education_system__antigravity__rep07,antigravity,agent_education_system,1.0.0,7,complexity_mean,1.588235,cc,,2026-06-01T09:32:42.626072+00:00
main_001,main_001__agent_education_system__antigravity__rep07,antigravity,agent_education_system,1.0.0,7,duplication_pct,1.677852,%,,2026-06-01T09:32:42.626072+00:00
main_001,main_001__agent_education_system__antigravity__rep07,antigravity,agent_education_system,1.0.0,7,security_density,4.4248,per_kloc,,2026-06-01T09:32:42.626072+00:00
main_001,main_001__agent_education_system__antigravity__rep08,antigravity,agent_education_system,1.0.0,8,hallucinations,1.0,count,,2026-06-01T09:32:42.626072+00:00
main_001,main_001__agent_education_system__antigravity__rep08,antigravity,agent_education_system,1.0.0,8,correction_freq,0.0,per_kkey,,2026-06-01T09:32:42.626072+00:00
main_001,main_001__agent_education_system__antigravity__rep08,antigravity,agent_education_system,1.0.0,8,complexity_mean,1.588235,cc,,2026-06-01T09:32:42.626072+00:00
main_001,main_001__agent_education_system__antigravity__rep08,antigravity,agent_education_system,1.0.0,8,duplication_pct,1.677852,%,,2026-06-01T09:32:42.626072+00:00
main_001,main_001__agent_education_system__antigravity__rep08,antigravity,agent_education_system,1.0.0,8,security_density,4.4248,per_kloc,,2026-06-01T09:32:42.626072+00:00
main_001,main_001__agent_education_system__antigravity__rep09,antigravity,agent_education_system,1.0.0,9,hallucinations,1.0,count,,2026-06-01T09:32:42.626072+00:00
main_001,main_001__agent_education_system__antigravity__rep09,antigravity,agent_education_system,1.0.0,9,correction_freq,0.0,per_kkey,,2026-06-01T09:32:42.626072+00:00
main_001,main_001__agent_education_system__antigravity__rep09,antigravity,agent_education_system,1.0.0,9,complexity_mean,1.588235,cc,,2026-06-01T09:32:42.626072+00:00
main_001,main_001__agent_education_system__antigravity__rep09,antigravity,agent_education_system,1.0.0,9,duplication_pct,1.677852,%,,2026-06-01T09:32:42.626072+00:00
main_001,main_001__agent_education_system__antigravity__rep09,antigravity,agent_education_system,1.0.0,9,security_density,4.4248,per_kloc,,2026-06-01T09:32:42.626072+00:00
main_001,main_001__data_pipeline__replit_agent__rep00,replit_agent,data_pipeline,1.0.0,0,hallucinations,0.0,count,,2026-06-01T09:32:42.626072+00:00
main_001,main_001__data_pipeline__replit_agent__rep00,replit_agent,data_pipeline,1.0.0,0,correction_freq,0.0,per_kkey,,2026-06-01T09:32:42.626072+00:00
main_001,main_001__data_pipeline__replit_agent__rep00,replit_agent,data_pipeline,1.0.0,0,complexity_mean,3.692308,cc,,2026-06-01T09:32:42.626072+00:00
main_001,main_001__data_pipeline__replit_agent__rep00,replit_agent,data_pipeline,1.0.0,0,duplication_pct,17.082669,%,,2026-06-01T09:32:42.626072+00:00
main_001,main_001__data_pipeline__replit_agent__rep00,replit_agent,data_pipeline,1.0.0,0,security_density,0.0,per_kloc,,2026-06-01T09:32:42.626072+00:00
main_001,main_001__data_pipeline__replit_agent__rep01,replit_agent,data_pipeline,1.0.0,1,hallucinations,0.0,count,,2026-06-01T09:32:42.626072+00:00
main_001,main_001__data_pipeline__replit_agent__rep01,replit_agent,data_pipeline,1.0.0,1,correction_freq,0.0,per_kkey,,2026-06-01T09:32:42.626072+00:00
main_001,main_001__data_pipeline__replit_agent__rep01,replit_agent,data_pipeline,1.0.0,1,complexity_mean,3.692308,cc,,2026-06-01T09:32:42.626072+00:00
main_001,main_001__data_pipeline__replit_agent__rep01,replit_agent,data_pipeline,1.0.0,1,duplication_pct,17.082669,%,,2026-06-01T09:32:42.626072+00:00
main_001,main_001__data_pipeline__replit_agent__rep01,replit_agent,data_pipeline,1.0.0,1,security_density,0.0,per_kloc,,2026-06-01T09:32:42.626072+00:00
main_001,main_001__data_pipeline__replit_agent__rep02,replit_agent,data_pipeline,1.0.0,2,hallucinations,0.0,count,,2026-06-01T09:32:42.626072+00:00
main_001,main_001__data_pipeline__replit_agent__rep02,replit_agent,data_pipeline,1.0.0,2,correction_freq,0.0,per_kkey,,2026-06-01T09:32:42.626072+00:00
main_001,main_001__data_pipeline__replit_agent__rep02,replit_agent,data_pipeline,1.0.0,2,complexity_mean,3.692308,cc,,2026-06-01T09:32:42.626072+00:00
main_001,main_001__data_pipeline__replit_agent__rep02,replit_agent,data_pipeline,1.0.0,2,duplication_pct,17.082669,%,,2026-06-01T09:32:42.626072+00:00
main_001,main_001__data_pipeline__replit_agent__rep02,replit_agent,data_pipeline,1.0.0,2,security_density,0.0,per_kloc,,2026-06-01T09:32:42.626072+00:00
main_001,main_001__data_pipeline__replit_agent__rep03,replit_agent,data_pipeline,1.0.0,3,hallucinations,0.0,count,,2026-06-01T09:32:42.626072+00:00
main_001,main_001__data_pipeline__replit_agent__rep03,replit_agent,data_pipeline,1.0.0,3,correction_freq,0.0,per_kkey,,2026-06-01T09:32:42.626072+00:00
main_001,main_001__data_pipeline__replit_agent__rep03,replit_agent,data_pipeline,1.0.0,3,complexity_mean,3.692308,cc,,2026-06-01T09:32:42.626072+00:00
main_001,main_001__data_pipeline__replit_agent__rep03,replit_agent,data_pipeline,1.0.0,3,duplication_pct,17.082669,%,,2026-06-01T09:32:42.626072+00:00
main_001,main_001__data_pipeline__replit_agent__rep03,replit_agent,data_pipeline,1.0.0,3,security_density,0.0,per_kloc,,2026-06-01T09:32:42.626072+00:00
main_001,main_001__data_pipeline__replit_agent__rep04,replit_agent,data_pipeline,1.0.0,4,hallucinations,0.0,count,,2026-06-01T09:32:42.626072+00:00
main_001,main_001__data_pipeline__replit_agent__rep04,replit_agent,data_pipeline,1.0.0,4,correction_freq,0.0,per_kkey,,2026-06-01T09:32:42.626072+00:00
main_001,main_001__data_pipeline__replit_agent__rep04,replit_agent,data_pipeline,1.0.0,4,complexity_mean,3.692308,cc,,2026-06-01T09:32:42.626072+00:00
main_001,main_001__data_pipeline__replit_agent__rep04,replit_agent,data_pipeline,1.0.0,4,duplication_pct,17.082669,%,,2026-06-01T09:32:42.626072+00:00
main_001,main_001__data_pipeline__replit_agent__rep04,replit_agent,data_pipeline,1.0.0,4,security_density,0.0,per_kloc,,2026-06-01T09:32:42.626072+00:00
main_001,main_001__data_pipeline__replit_agent__rep05,replit_agent,data_pipeline,1.0.0,5,hallucinations,0.0,count,,2026-06-01T09:32:42.626072+00:00
main_001,main_001__data_pipeline__replit_agent__rep05,replit_agent,data_pipeline,1.0.0,5,correction_freq,0.0,per_kkey,,2026-06-01T09:32:42.626072+00:00
main_001,main_001__data_pipeline__replit_agent__rep05,replit_agent,data_pipeline,1.0.0,5,complexity_mean,3.692308,cc,,2026-06-01T09:32:42.626072+00:00
main_001,main_001__data_pipeline__replit_agent__rep05,replit_agent,data_pipeline,1.0.0,5,duplication_pct,17.082669,%,,2026-06-01T09:32:42.626072+00:00
main_001,main_001__data_pipeline__replit_agent__rep05,replit_agent,data_pipeline,1.0.0,5,security_density,0.0,per_kloc,,2026-06-01T09:32:42.626072+00:00
main_001,main_001__data_pipeline__replit_agent__rep06,replit_agent,data_pipeline,1.0.0,6,hallucinations,0.0,count,,2026-06-01T09:32:42.626072+00:00
main_001,main_001__data_pipeline__replit_agent__rep06,replit_agent,data_pipeline,1.0.0,6,correction_freq,0.0,per_kkey,,2026-06-01T09:32:42.626072+00:00
main_001,main_001__data_pipeline__replit_agent__rep06,replit_agent,data_pipeline,1.0.0,6,complexity_mean,3.692308,cc,,2026-06-01T09:32:42.626072+00:00
main_001,main_001__data_pipeline__replit_agent__rep06,replit_agent,data_pipeline,1.0.0,6,duplication_pct,17.082669,%,,2026-06-01T09:32:42.626072+00:00
main_001,main_001__data_pipeline__replit_agent__rep06,replit_agent,data_pipeline,1.0.0,6,security_density,0.0,per_kloc,,2026-06-01T09:32:42.626072+00:00
main_001,main_001__data_pipeline__replit_agent__rep07,replit_agent,data_pipeline,1.0.0,7,hallucinations,0.0,count,,2026-06-01T09:32:42.626072+00:00
main_001,main_001__data_pipeline__replit_agent__rep07,replit_agent,data_pipeline,1.0.0,7,correction_freq,0.0,per_kkey,,2026-06-01T09:32:42.626072+00:00
main_001,main_001__data_pipeline__replit_agent__rep07,replit_agent,data_pipeline,1.0.0,7,complexity_mean,3.692308,cc,,2026-06-01T09:32:42.626072+00:00
main_001,main_001__data_pipeline__replit_agent__rep07,replit_agent,data_pipeline,1.0.0,7,duplication_pct,17.082669,%,,2026-06-01T09:32:42.626072+00:00
main_001,main_001__data_pipeline__replit_agent__rep07,replit_agent,data_pipeline,1.0.0,7,security_density,0.0,per_kloc,,2026-06-01T09:32:42.626072+00:00
main_001,main_001__data_pipeline__replit_agent__rep08,replit_agent,data_pipeline,1.0.0,8,hallucinations,0.0,count,,2026-06-01T09:32:42.626072+00:00
main_001,main_001__data_pipeline__replit_agent__rep08,replit_agent,data_pipeline,1.0.0,8,correction_freq,0.0,per_kkey,,2026-06-01T09:32:42.626072+00:00
main_001,main_001__data_pipeline__replit_agent__rep08,replit_agent,data_pipeline,1.0.0,8,complexity_mean,3.692308,cc,,2026-06-01T09:32:42.626072+00:00
main_001,main_001__data_pipeline__replit_agent__rep08,replit_agent,data_pipeline,1.0.0,8,duplication_pct,17.082669,%,,2026-06-01T09:32:42.626072+00:00
main_001,main_001__data_pipeline__replit_agent__rep08,replit_agent,data_pipeline,1.0.0,8,security_density,0.0,per_kloc,,2026-06-01T09:32:42.626072+00:00
main_001,main_001__data_pipeline__replit_agent__rep09,replit_agent,data_pipeline,1.0.0,9,hallucinations,0.0,count,,2026-06-01T09:32:42.626072+00:00
main_001,main_001__data_pipeline__replit_agent__rep09,replit_agent,data_pipeline,1.0.0,9,correction_freq,0.0,per_kkey,,2026-06-01T09:32:42.626072+00:00
main_001,main_001__data_pipeline__replit_agent__rep09,replit_agent,data_pipeline,1.0.0,9,complexity_mean,3.692308,cc,,2026-06-01T09:32:42.626072+00:00
main_001,main_001__data_pipeline__replit_agent__rep09,replit_agent,data_pipeline,1.0.0,9,duplication_pct,17.082669,%,,2026-06-01T09:32:42.626072+00:00
main_001,main_001__data_pipeline__replit_agent__rep09,replit_agent,data_pipeline,1.0.0,9,security_density,0.0,per_kloc,,2026-06-01T09:32:42.626072+00:00
main_001,main_001__data_pipeline__antigravity__rep00,antigravity,data_pipeline,1.0.0,0,hallucinations,0.0,count,,2026-06-01T09:32:42.626072+00:00
main_001,main_001__data_pipeline__antigravity__rep00,antigravity,data_pipeline,1.0.0,0,correction_freq,0.0,per_kkey,,2026-06-01T09:32:42.626072+00:00
main_001,main_001__data_pipeline__antigravity__rep00,antigravity,data_pipeline,1.0.0,0,complexity_mean,2.742857,cc,,2026-06-01T09:32:42.626072+00:00
main_001,main_001__data_pipeline__antigravity__rep00,antigravity,data_pipeline,1.0.0,0,duplication_pct,5.452436,%,,2026-06-01T09:32:42.626072+00:00
main_001,main_001__data_pipeline__antigravity__rep00,antigravity,data_pipeline,1.0.0,0,security_density,0.0,per_kloc,,2026-06-01T09:32:42.626072+00:00
main_001,main_001__data_pipeline__antigravity__rep01,antigravity,data_pipeline,1.0.0,1,hallucinations,0.0,count,,2026-06-01T09:32:42.626072+00:00
main_001,main_001__data_pipeline__antigravity__rep01,antigravity,data_pipeline,1.0.0,1,correction_freq,0.0,per_kkey,,2026-06-01T09:32:42.626072+00:00
main_001,main_001__data_pipeline__antigravity__rep01,antigravity,data_pipeline,1.0.0,1,complexity_mean,2.742857,cc,,2026-06-01T09:32:42.626072+00:00
main_001,main_001__data_pipeline__antigravity__rep01,antigravity,data_pipeline,1.0.0,1,duplication_pct,5.452436,%,,2026-06-01T09:32:42.626072+00:00
main_001,main_001__data_pipeline__antigravity__rep01,antigravity,data_pipeline,1.0.0,1,security_density,0.0,per_kloc,,2026-06-01T09:32:42.626072+00:00
main_001,main_001__data_pipeline__antigravity__rep02,antigravity,data_pipeline,1.0.0,2,hallucinations,0.0,count,,2026-06-01T09:32:42.626072+00:00
main_001,main_001__data_pipeline__antigravity__rep02,antigravity,data_pipeline,1.0.0,2,correction_freq,0.0,per_kkey,,2026-06-01T09:32:42.626072+00:00
main_001,main_001__data_pipeline__antigravity__rep02,antigravity,data_pipeline,1.0.0,2,complexity_mean,2.742857,cc,,2026-06-01T09:32:42.626072+00:00
main_001,main_001__data_pipeline__antigravity__rep02,antigravity,data_pipeline,1.0.0,2,duplication_pct,5.452436,%,,2026-06-01T09:32:42.626072+00:00
main_001,main_001__data_pipeline__antigravity__rep02,antigravity,data_pipeline,1.0.0,2,security_density,0.0,per_kloc,,2026-06-01T09:32:42.626072+00:00
main_001,main_001__data_pipeline__antigravity__rep03,antigravity,data_pipeline,1.0.0,3,hallucinations,0.0,count,,2026-06-01T09:32:42.626072+00:00
main_001,main_001__data_pipeline__antigravity__rep03,antigravity,data_pipeline,1.0.0,3,correction_freq,0.0,per_kkey,,2026-06-01T09:32:42.626072+00:00
main_001,main_001__data_pipeline__antigravity__rep03,antigravity,data_pipeline,1.0.0,3,complexity_mean,2.742857,cc,,2026-06-01T09:32:42.626072+00:00
main_001,main_001__data_pipeline__antigravity__rep03,antigravity,data_pipeline,1.0.0,3,duplication_pct,5.452436,%,,2026-06-01T09:32:42.626072+00:00
main_001,main_001__data_pipeline__antigravity__rep03,antigravity,data_pipeline,1.0.0,3,security_density,0.0,per_kloc,,2026-06-01T09:32:42.626072+00:00
main_001,main_001__data_pipeline__antigravity__rep04,antigravity,data_pipeline,1.0.0,4,hallucinations,0.0,count,,2026-06-01T09:32:42.626072+00:00
main_001,main_001__data_pipeline__antigravity__rep04,antigravity,data_pipeline,1.0.0,4,correction_freq,0.0,per_kkey,,2026-06-01T09:32:42.626072+00:00
main_001,main_001__data_pipeline__antigravity__rep04,antigravity,data_pipeline,1.0.0,4,complexity_mean,2.742857,cc,,2026-06-01T09:32:42.626072+00:00
main_001,main_001__data_pipeline__antigravity__rep04,antigravity,data_pipeline,1.0.0,4,duplication_pct,5.452436,%,,2026-06-01T09:32:42.626072+00:00
main_001,main_001__data_pipeline__antigravity__rep04,antigravity,data_pipeline,1.0.0,4,security_density,0.0,per_kloc,,2026-06-01T09:32:42.626072+00:00
main_001,main_001__data_pipeline__antigravity__rep05,antigravity,data_pipeline,1.0.0,5,hallucinations,0.0,count,,2026-06-01T09:32:42.626072+00:00
main_001,main_001__data_pipeline__antigravity__rep05,antigravity,data_pipeline,1.0.0,5,correction_freq,0.0,per_kkey,,2026-06-01T09:32:42.626072+00:00
main_001,main_001__data_pipeline__antigravity__rep05,antigravity,data_pipeline,1.0.0,5,complexity_mean,2.742857,cc,,2026-06-01T09:32:42.626072+00:00
main_001,main_001__data_pipeline__antigravity__rep05,antigravity,data_pipeline,1.0.0,5,duplication_pct,5.452436,%,,2026-06-01T09:32:42.626072+00:00
main_001,main_001__data_pipeline__antigravity__rep05,antigravity,data_pipeline,1.0.0,5,security_density,0.0,per_kloc,,2026-06-01T09:32:42.626072+00:00
main_001,main_001__data_pipeline__antigravity__rep06,antigravity,data_pipeline,1.0.0,6,hallucinations,0.0,count,,2026-06-01T09:32:42.626072+00:00
main_001,main_001__data_pipeline__antigravity__rep06,antigravity,data_pipeline,1.0.0,6,correction_freq,0.0,per_kkey,,2026-06-01T09:32:42.626072+00:00
main_001,main_001__data_pipeline__antigravity__rep06,antigravity,data_pipeline,1.0.0,6,complexity_mean,2.742857,cc,,2026-06-01T09:32:42.626072+00:00
main_001,main_001__data_pipeline__antigravity__rep06,antigravity,data_pipeline,1.0.0,6,duplication_pct,5.452436,%,,2026-06-01T09:32:42.626072+00:00
main_001,main_001__data_pipeline__antigravity__rep06,antigravity,data_pipeline,1.0.0,6,security_density,0.0,per_kloc,,2026-06-01T09:32:42.626072+00:00
main_001,main_001__data_pipeline__antigravity__rep07,antigravity,data_pipeline,1.0.0,7,hallucinations,0.0,count,,2026-06-01T09:32:42.626072+00:00
main_001,main_001__data_pipeline__antigravity__rep07,antigravity,data_pipeline,1.0.0,7,correction_freq,0.0,per_kkey,,2026-06-01T09:32:42.626072+00:00
main_001,main_001__data_pipeline__antigravity__rep07,antigravity,data_pipeline,1.0.0,7,complexity_mean,2.742857,cc,,2026-06-01T09:32:42.626072+00:00
main_001,main_001__data_pipeline__antigravity__rep07,antigravity,data_pipeline,1.0.0,7,duplication_pct,5.452436,%,,2026-06-01T09:32:42.626072+00:00
main_001,main_001__data_pipeline__antigravity__rep07,antigravity,data_pipeline,1.0.0,7,security_density,0.0,per_kloc,,2026-06-01T09:32:42.626072+00:00
main_001,main_001__data_pipeline__antigravity__rep08,antigravity,data_pipeline,1.0.0,8,hallucinations,0.0,count,,2026-06-01T09:32:42.626072+00:00
main_001,main_001__data_pipeline__antigravity__rep08,antigravity,data_pipeline,1.0.0,8,correction_freq,0.0,per_kkey,,2026-06-01T09:32:42.626072+00:00
main_001,main_001__data_pipeline__antigravity__rep08,antigravity,data_pipeline,1.0.0,8,complexity_mean,2.742857,cc,,2026-06-01T09:32:42.626072+00:00
main_001,main_001__data_pipeline__antigravity__rep08,antigravity,data_pipeline,1.0.0,8,duplication_pct,5.452436,%,,2026-06-01T09:32:42.626072+00:00
main_001,main_001__data_pipeline__antigravity__rep08,antigravity,data_pipeline,1.0.0,8,security_density,0.0,per_kloc,,2026-06-01T09:32:42.626072+00:00
main_001,main_001__data_pipeline__antigravity__rep09,antigravity,data_pipeline,1.0.0,9,hallucinations,0.0,count,,2026-06-01T09:32:42.626072+00:00
main_001,main_001__data_pipeline__antigravity__rep09,antigravity,data_pipeline,1.0.0,9,correction_freq,0.0,per_kkey,,2026-06-01T09:32:42.626072+00:00
main_001,main_001__data_pipeline__antigravity__rep09,antigravity,data_pipeline,1.0.0,9,complexity_mean,2.742857,cc,,2026-06-01T09:32:42.626072+00:00
main_001,main_001__data_pipeline__antigravity__rep09,antigravity,data_pipeline,1.0.0,9,duplication_pct,5.452436,%,,2026-06-01T09:32:42.626072+00:00
main_001,main_001__data_pipeline__antigravity__rep09,antigravity,data_pipeline,1.0.0,9,security_density,0.0,per_kloc,,2026-06-01T09:32:42.626072+00:00
main_001,main_001__internal_tool_cli__replit_agent__rep00,replit_agent,internal_tool_cli,1.0.0,0,hallucinations,3.0,count,,2026-06-01T09:32:42.626072+00:00
main_001,main_001__internal_tool_cli__replit_agent__rep00,replit_agent,internal_tool_cli,1.0.0,0,correction_freq,0.0,per_kkey,,2026-06-01T09:32:42.626072+00:00
main_001,main_001__internal_tool_cli__replit_agent__rep00,replit_agent,internal_tool_cli,1.0.0,0,complexity_mean,3.470588,cc,,2026-06-01T09:32:42.626072+00:00
main_001,main_001__internal_tool_cli__replit_agent__rep00,replit_agent,internal_tool_cli,1.0.0,0,duplication_pct,0.0,%,,2026-06-01T09:32:42.626072+00:00
main_001,main_001__internal_tool_cli__replit_agent__rep00,replit_agent,internal_tool_cli,1.0.0,0,security_density,0.0,per_kloc,,2026-06-01T09:32:42.626072+00:00
main_001,main_001__internal_tool_cli__replit_agent__rep01,replit_agent,internal_tool_cli,1.0.0,1,hallucinations,3.0,count,,2026-06-01T09:32:42.626072+00:00
main_001,main_001__internal_tool_cli__replit_agent__rep01,replit_agent,internal_tool_cli,1.0.0,1,correction_freq,0.0,per_kkey,,2026-06-01T09:32:42.626072+00:00
main_001,main_001__internal_tool_cli__replit_agent__rep01,replit_agent,internal_tool_cli,1.0.0,1,complexity_mean,3.470588,cc,,2026-06-01T09:32:42.626072+00:00
main_001,main_001__internal_tool_cli__replit_agent__rep01,replit_agent,internal_tool_cli,1.0.0,1,duplication_pct,0.0,%,,2026-06-01T09:32:42.626072+00:00
main_001,main_001__internal_tool_cli__replit_agent__rep01,replit_agent,internal_tool_cli,1.0.0,1,security_density,0.0,per_kloc,,2026-06-01T09:32:42.626072+00:00
main_001,main_001__internal_tool_cli__replit_agent__rep02,replit_agent,internal_tool_cli,1.0.0,2,hallucinations,3.0,count,,2026-06-01T09:32:42.626072+00:00
main_001,main_001__internal_tool_cli__replit_agent__rep02,replit_agent,internal_tool_cli,1.0.0,2,correction_freq,0.0,per_kkey,,2026-06-01T09:32:42.626072+00:00
main_001,main_001__internal_tool_cli__replit_agent__rep02,replit_agent,internal_tool_cli,1.0.0,2,complexity_mean,3.470588,cc,,2026-06-01T09:32:42.626072+00:00
main_001,main_001__internal_tool_cli__replit_agent__rep02,replit_agent,internal_tool_cli,1.0.0,2,duplication_pct,0.0,%,,2026-06-01T09:32:42.626072+00:00
main_001,main_001__internal_tool_cli__replit_agent__rep02,replit_agent,internal_tool_cli,1.0.0,2,security_density,0.0,per_kloc,,2026-06-01T09:32:42.626072+00:00
main_001,main_001__internal_tool_cli__replit_agent__rep03,replit_agent,internal_tool_cli,1.0.0,3,hallucinations,3.0,count,,2026-06-01T09:32:42.626072+00:00
main_001,main_001__internal_tool_cli__replit_agent__rep03,replit_agent,internal_tool_cli,1.0.0,3,correction_freq,0.0,per_kkey,,2026-06-01T09:32:42.626072+00:00
main_001,main_001__internal_tool_cli__replit_agent__rep03,replit_agent,internal_tool_cli,1.0.0,3,complexity_mean,3.470588,cc,,2026-06-01T09:32:42.626072+00:00
main_001,main_001__internal_tool_cli__replit_agent__rep03,replit_agent,internal_tool_cli,1.0.0,3,duplication_pct,0.0,%,,2026-06-01T09:32:42.626072+00:00
main_001,main_001__internal_tool_cli__replit_agent__rep03,replit_agent,internal_tool_cli,1.0.0,3,security_density,0.0,per_kloc,,2026-06-01T09:32:42.626072+00:00
main_001,main_001__internal_tool_cli__replit_agent__rep04,replit_agent,internal_tool_cli,1.0.0,4,hallucinations,3.0,count,,2026-06-01T09:32:42.626072+00:00
main_001,main_001__internal_tool_cli__replit_agent__rep04,replit_agent,internal_tool_cli,1.0.0,4,correction_freq,0.0,per_kkey,,2026-06-01T09:32:42.626072+00:00
main_001,main_001__internal_tool_cli__replit_agent__rep04,replit_agent,internal_tool_cli,1.0.0,4,complexity_mean,3.470588,cc,,2026-06-01T09:32:42.626072+00:00
main_001,main_001__internal_tool_cli__replit_agent__rep04,replit_agent,internal_tool_cli,1.0.0,4,duplication_pct,0.0,%,,2026-06-01T09:32:42.626072+00:00
main_001,main_001__internal_tool_cli__replit_agent__rep04,replit_agent,internal_tool_cli,1.0.0,4,security_density,0.0,per_kloc,,2026-06-01T09:32:42.626072+00:00
main_001,main_001__internal_tool_cli__replit_agent__rep05,replit_agent,internal_tool_cli,1.0.0,5,hallucinations,3.0,count,,2026-06-01T09:32:42.626072+00:00
main_001,main_001__internal_tool_cli__replit_agent__rep05,replit_agent,internal_tool_cli,1.0.0,5,correction_freq,0.0,per_kkey,,2026-06-01T09:32:42.626072+00:00
main_001,main_001__internal_tool_cli__replit_agent__rep05,replit_agent,internal_tool_cli,1.0.0,5,complexity_mean,3.470588,cc,,2026-06-01T09:32:42.626072+00:00
main_001,main_001__internal_tool_cli__replit_agent__rep05,replit_agent,internal_tool_cli,1.0.0,5,duplication_pct,0.0,%,,2026-06-01T09:32:42.626072+00:00
main_001,main_001__internal_tool_cli__replit_agent__rep05,replit_agent,internal_tool_cli,1.0.0,5,security_density,0.0,per_kloc,,2026-06-01T09:32:42.626072+00:00
main_001,main_001__internal_tool_cli__replit_agent__rep06,replit_agent,internal_tool_cli,1.0.0,6,hallucinations,3.0,count,,2026-06-01T09:32:42.626072+00:00
main_001,main_001__internal_tool_cli__replit_agent__rep06,replit_agent,internal_tool_cli,1.0.0,6,correction_freq,0.0,per_kkey,,2026-06-01T09:32:42.626072+00:00
main_001,main_001__internal_tool_cli__replit_agent__rep06,replit_agent,internal_tool_cli,1.0.0,6,complexity_mean,3.470588,cc,,2026-06-01T09:32:42.626072+00:00
main_001,main_001__internal_tool_cli__replit_agent__rep06,replit_agent,internal_tool_cli,1.0.0,6,duplication_pct,0.0,%,,2026-06-01T09:32:42.626072+00:00
main_001,main_001__internal_tool_cli__replit_agent__rep06,replit_agent,internal_tool_cli,1.0.0,6,security_density,0.0,per_kloc,,2026-06-01T09:32:42.626072+00:00
main_001,main_001__internal_tool_cli__replit_agent__rep07,replit_agent,internal_tool_cli,1.0.0,7,hallucinations,3.0,count,,2026-06-01T09:32:42.626072+00:00
main_001,main_001__internal_tool_cli__replit_agent__rep07,replit_agent,internal_tool_cli,1.0.0,7,correction_freq,0.0,per_kkey,,2026-06-01T09:32:42.626072+00:00
main_001,main_001__internal_tool_cli__replit_agent__rep07,replit_agent,internal_tool_cli,1.0.0,7,complexity_mean,3.470588,cc,,2026-06-01T09:32:42.626072+00:00
main_001,main_001__internal_tool_cli__replit_agent__rep07,replit_agent,internal_tool_cli,1.0.0,7,duplication_pct,0.0,%,,2026-06-01T09:32:42.626072+00:00
main_001,main_001__internal_tool_cli__replit_agent__rep07,replit_agent,internal_tool_cli,1.0.0,7,security_density,0.0,per_kloc,,2026-06-01T09:32:42.626072+00:00
main_001,main_001__internal_tool_cli__replit_agent__rep08,replit_agent,internal_tool_cli,1.0.0,8,hallucinations,3.0,count,,2026-06-01T09:32:42.626072+00:00
main_001,main_001__internal_tool_cli__replit_agent__rep08,replit_agent,internal_tool_cli,1.0.0,8,correction_freq,0.0,per_kkey,,2026-06-01T09:32:42.626072+00:00
main_001,main_001__internal_tool_cli__replit_agent__rep08,replit_agent,internal_tool_cli,1.0.0,8,complexity_mean,3.470588,cc,,2026-06-01T09:32:42.626072+00:00
main_001,main_001__internal_tool_cli__replit_agent__rep08,replit_agent,internal_tool_cli,1.0.0,8,duplication_pct,0.0,%,,2026-06-01T09:32:42.626072+00:00
main_001,main_001__internal_tool_cli__replit_agent__rep08,replit_agent,internal_tool_cli,1.0.0,8,security_density,0.0,per_kloc,,2026-06-01T09:32:42.626072+00:00
main_001,main_001__internal_tool_cli__replit_agent__rep09,replit_agent,internal_tool_cli,1.0.0,9,hallucinations,3.0,count,,2026-06-01T09:32:42.626072+00:00
main_001,main_001__internal_tool_cli__replit_agent__rep09,replit_agent,internal_tool_cli,1.0.0,9,correction_freq,0.0,per_kkey,,2026-06-01T09:32:42.626072+00:00
main_001,main_001__internal_tool_cli__replit_agent__rep09,replit_agent,internal_tool_cli,1.0.0,9,complexity_mean,3.470588,cc,,2026-06-01T09:32:42.626072+00:00
main_001,main_001__internal_tool_cli__replit_agent__rep09,replit_agent,internal_tool_cli,1.0.0,9,duplication_pct,0.0,%,,2026-06-01T09:32:42.626072+00:00
main_001,main_001__internal_tool_cli__replit_agent__rep09,replit_agent,internal_tool_cli,1.0.0,9,security_density,0.0,per_kloc,,2026-06-01T09:32:42.626072+00:00
main_001,main_001__internal_tool_cli__antigravity__rep00,antigravity,internal_tool_cli,1.0.0,0,hallucinations,0.0,count,,2026-06-01T09:32:42.626072+00:00
main_001,main_001__internal_tool_cli__antigravity__rep00,antigravity,internal_tool_cli,1.0.0,0,correction_freq,0.0,per_kkey,,2026-06-01T09:32:42.626072+00:00
main_001,main_001__internal_tool_cli__antigravity__rep00,antigravity,internal_tool_cli,1.0.0,0,complexity_mean,3.470588,cc,,2026-06-01T09:32:42.626072+00:00
main_001,main_001__internal_tool_cli__antigravity__rep00,antigravity,internal_tool_cli,1.0.0,0,duplication_pct,5.642633,%,,2026-06-01T09:32:42.626072+00:00
main_001,main_001__internal_tool_cli__antigravity__rep00,antigravity,internal_tool_cli,1.0.0,0,security_density,0.0,per_kloc,,2026-06-01T09:32:42.626072+00:00
main_001,main_001__internal_tool_cli__antigravity__rep01,antigravity,internal_tool_cli,1.0.0,1,hallucinations,0.0,count,,2026-06-01T09:32:42.626072+00:00
main_001,main_001__internal_tool_cli__antigravity__rep01,antigravity,internal_tool_cli,1.0.0,1,correction_freq,0.0,per_kkey,,2026-06-01T09:32:42.626072+00:00
main_001,main_001__internal_tool_cli__antigravity__rep01,antigravity,internal_tool_cli,1.0.0,1,complexity_mean,3.470588,cc,,2026-06-01T09:32:42.626072+00:00
main_001,main_001__internal_tool_cli__antigravity__rep01,antigravity,internal_tool_cli,1.0.0,1,duplication_pct,5.642633,%,,2026-06-01T09:32:42.626072+00:00
main_001,main_001__internal_tool_cli__antigravity__rep01,antigravity,internal_tool_cli,1.0.0,1,security_density,0.0,per_kloc,,2026-06-01T09:32:42.626072+00:00
main_001,main_001__internal_tool_cli__antigravity__rep02,antigravity,internal_tool_cli,1.0.0,2,hallucinations,0.0,count,,2026-06-01T09:32:42.626072+00:00
main_001,main_001__internal_tool_cli__antigravity__rep02,antigravity,internal_tool_cli,1.0.0,2,correction_freq,0.0,per_kkey,,2026-06-01T09:32:42.626072+00:00
main_001,main_001__internal_tool_cli__antigravity__rep02,antigravity,internal_tool_cli,1.0.0,2,complexity_mean,3.470588,cc,,2026-06-01T09:32:42.626072+00:00
main_001,main_001__internal_tool_cli__antigravity__rep02,antigravity,internal_tool_cli,1.0.0,2,duplication_pct,5.642633,%,,2026-06-01T09:32:42.626072+00:00
main_001,main_001__internal_tool_cli__antigravity__rep02,antigravity,internal_tool_cli,1.0.0,2,security_density,0.0,per_kloc,,2026-06-01T09:32:42.626072+00:00
main_001,main_001__internal_tool_cli__antigravity__rep03,antigravity,internal_tool_cli,1.0.0,3,hallucinations,0.0,count,,2026-06-01T09:32:42.626072+00:00
main_001,main_001__internal_tool_cli__antigravity__rep03,antigravity,internal_tool_cli,1.0.0,3,correction_freq,0.0,per_kkey,,2026-06-01T09:32:42.626072+00:00
main_001,main_001__internal_tool_cli__antigravity__rep03,antigravity,internal_tool_cli,1.0.0,3,complexity_mean,3.470588,cc,,2026-06-01T09:32:42.626072+00:00
main_001,main_001__internal_tool_cli__antigravity__rep03,antigravity,internal_tool_cli,1.0.0,3,duplication_pct,5.642633,%,,2026-06-01T09:32:42.626072+00:00
main_001,main_001__internal_tool_cli__antigravity__rep03,antigravity,internal_tool_cli,1.0.0,3,security_density,0.0,per_kloc,,2026-06-01T09:32:42.626072+00:00
main_001,main_001__internal_tool_cli__antigravity__rep04,antigravity,internal_tool_cli,1.0.0,4,hallucinations,0.0,count,,2026-06-01T09:32:42.626072+00:00
main_001,main_001__internal_tool_cli__antigravity__rep04,antigravity,internal_tool_cli,1.0.0,4,correction_freq,0.0,per_kkey,,2026-06-01T09:32:42.626072+00:00
main_001,main_001__internal_tool_cli__antigravity__rep04,antigravity,internal_tool_cli,1.0.0,4,complexity_mean,3.470588,cc,,2026-06-01T09:32:42.626072+00:00
main_001,main_001__internal_tool_cli__antigravity__rep04,antigravity,internal_tool_cli,1.0.0,4,duplication_pct,5.642633,%,,2026-06-01T09:32:42.626072+00:00
main_001,main_001__internal_tool_cli__antigravity__rep04,antigravity,internal_tool_cli,1.0.0,4,security_density,0.0,per_kloc,,2026-06-01T09:32:42.626072+00:00
main_001,main_001__internal_tool_cli__antigravity__rep05,antigravity,internal_tool_cli,1.0.0,5,hallucinations,0.0,count,,2026-06-01T09:32:42.626072+00:00
main_001,main_001__internal_tool_cli__antigravity__rep05,antigravity,internal_tool_cli,1.0.0,5,correction_freq,0.0,per_kkey,,2026-06-01T09:32:42.626072+00:00
main_001,main_001__internal_tool_cli__antigravity__rep05,antigravity,internal_tool_cli,1.0.0,5,complexity_mean,3.470588,cc,,2026-06-01T09:32:42.626072+00:00
main_001,main_001__internal_tool_cli__antigravity__rep05,antigravity,internal_tool_cli,1.0.0,5,duplication_pct,5.642633,%,,2026-06-01T09:32:42.626072+00:00
main_001,main_001__internal_tool_cli__antigravity__rep05,antigravity,internal_tool_cli,1.0.0,5,security_density,0.0,per_kloc,,2026-06-01T09:32:42.626072+00:00
main_001,main_001__internal_tool_cli__antigravity__rep06,antigravity,internal_tool_cli,1.0.0,6,hallucinations,0.0,count,,2026-06-01T09:32:42.626072+00:00
main_001,main_001__internal_tool_cli__antigravity__rep06,antigravity,internal_tool_cli,1.0.0,6,correction_freq,0.0,per_kkey,,2026-06-01T09:32:42.626072+00:00
main_001,main_001__internal_tool_cli__antigravity__rep06,antigravity,internal_tool_cli,1.0.0,6,complexity_mean,3.470588,cc,,2026-06-01T09:32:42.626072+00:00
main_001,main_001__internal_tool_cli__antigravity__rep06,antigravity,internal_tool_cli,1.0.0,6,duplication_pct,5.642633,%,,2026-06-01T09:32:42.626072+00:00
main_001,main_001__internal_tool_cli__antigravity__rep06,antigravity,internal_tool_cli,1.0.0,6,security_density,0.0,per_kloc,,2026-06-01T09:32:42.626072+00:00
main_001,main_001__internal_tool_cli__antigravity__rep07,antigravity,internal_tool_cli,1.0.0,7,hallucinations,0.0,count,,2026-06-01T09:32:42.626072+00:00
main_001,main_001__internal_tool_cli__antigravity__rep07,antigravity,internal_tool_cli,1.0.0,7,correction_freq,0.0,per_kkey,,2026-06-01T09:32:42.626072+00:00
main_001,main_001__internal_tool_cli__antigravity__rep07,antigravity,internal_tool_cli,1.0.0,7,complexity_mean,3.470588,cc,,2026-06-01T09:32:42.626072+00:00
main_001,main_001__internal_tool_cli__antigravity__rep07,antigravity,internal_tool_cli,1.0.0,7,duplication_pct,5.642633,%,,2026-06-01T09:32:42.626072+00:00
main_001,main_001__internal_tool_cli__antigravity__rep07,antigravity,internal_tool_cli,1.0.0,7,security_density,0.0,per_kloc,,2026-06-01T09:32:42.626072+00:00
main_001,main_001__internal_tool_cli__antigravity__rep08,antigravity,internal_tool_cli,1.0.0,8,hallucinations,0.0,count,,2026-06-01T09:32:42.626072+00:00
main_001,main_001__internal_tool_cli__antigravity__rep08,antigravity,internal_tool_cli,1.0.0,8,correction_freq,0.0,per_kkey,,2026-06-01T09:32:42.626072+00:00
main_001,main_001__internal_tool_cli__antigravity__rep08,antigravity,internal_tool_cli,1.0.0,8,complexity_mean,3.470588,cc,,2026-06-01T09:32:42.626072+00:00
main_001,main_001__internal_tool_cli__antigravity__rep08,antigravity,internal_tool_cli,1.0.0,8,duplication_pct,5.642633,%,,2026-06-01T09:32:42.626072+00:00
main_001,main_001__internal_tool_cli__antigravity__rep08,antigravity,internal_tool_cli,1.0.0,8,security_density,0.0,per_kloc,,2026-06-01T09:32:42.626072+00:00
main_001,main_001__internal_tool_cli__antigravity__rep09,antigravity,internal_tool_cli,1.0.0,9,hallucinations,0.0,count,,2026-06-01T09:32:42.626072+00:00
main_001,main_001__internal_tool_cli__antigravity__rep09,antigravity,internal_tool_cli,1.0.0,9,correction_freq,0.0,per_kkey,,2026-06-01T09:32:42.626072+00:00
main_001,main_001__internal_tool_cli__antigravity__rep09,antigravity,internal_tool_cli,1.0.0,9,complexity_mean,3.470588,cc,,2026-06-01T09:32:42.626072+00:00
main_001,main_001__internal_tool_cli__antigravity__rep09,antigravity,internal_tool_cli,1.0.0,9,duplication_pct,5.642633,%,,2026-06-01T09:32:42.626072+00:00
main_001,main_001__internal_tool_cli__antigravity__rep09,antigravity,internal_tool_cli,1.0.0,9,security_density,0.0,per_kloc,,2026-06-01T09:32:42.626072+00:00
